Datetime,Open,High,Low,Close,Adj Close,Volume,ADX,+DI,-DI
2024-06-06 09:15:00,9548.5,9605.900390625,9470.349609375,9586.4501953125,9586.4501953125,24341,,,
2024-06-06 09:30:00,9589.5,9674.2001953125,9560.349609375,9662.4501953125,9662.4501953125,34096,,,
2024-06-06 09:45:00,9667.9501953125,9849.5,9660.099609375,9731.900390625,9731.900390625,59781,,,
2024-06-06 10:00:00,9725.099609375,9755.900390625,9701.400390625,9732.0,9732.0,19129,,,
2024-06-06 10:15:00,9732.2998046875,9740.0,9673.099609375,9713.4501953125,9713.4501953125,16792,,,
2024-06-06 10:30:00,9716.5,9729.650390625,9690.5498046875,9713.400390625,9713.400390625,10229,,,
2024-06-06 10:45:00,9713.349609375,9733.599609375,9674.0,9712.349609375,9712.349609375,10669,,,
2024-06-06 11:00:00,9716.0,9716.0,9675.0,9697.349609375,9697.349609375,7361,,,
2024-06-06 11:15:00,9695.349609375,9748.099609375,9691.7998046875,9702.5,9702.5,13079,,,
2024-06-06 11:30:00,9702.4501953125,9754.0,9700.0,9731.0498046875,9731.0498046875,11690,,,
2024-06-06 11:45:00,9722.0,9725.0,9601.7998046875,9710.9501953125,9710.9501953125,22285,,,
2024-06-06 12:00:00,9709.5,9714.0,9676.349609375,9685.0,9685.0,6563,,,
2024-06-06 12:15:00,9684.0,9714.5,9678.150390625,9714.5,9714.5,4454,,,
2024-06-06 12:30:00,9714.5,9714.5,9687.0,9694.4501953125,9694.4501953125,3277,,0.21428571428571427,0.5714285714285714
2024-06-06 12:45:00,9694.400390625,9719.0,9688.25,9718.7998046875,9718.7998046875,4915,,0.2857142857142857,0.5714285714285714
2024-06-06 13:00:00,9718.900390625,9718.900390625,9635.7998046875,9671.599609375,9671.599609375,10020,,0.2857142857142857,0.5
2024-06-06 13:15:00,9674.5,9738.0,9674.5,9723.0,9723.0,9995,,0.21428571428571427,0.5714285714285714
2024-06-06 13:30:00,9729.2001953125,9748.0,9723.0498046875,9738.0498046875,9738.0498046875,6441,,0.21428571428571427,0.5714285714285714
2024-06-06 13:45:00,9740.900390625,9747.650390625,9711.900390625,9747.599609375,9747.599609375,6191,,0.21428571428571427,0.5714285714285714
2024-06-06 14:00:00,9743.5498046875,9766.900390625,9738.2001953125,9759.0,9759.0,6900,,0.21428571428571427,0.5714285714285714
2024-06-06 14:15:00,9759.0,9759.0,9716.5,9724.0,9724.0,6662,,0.14285714285714285,0.5714285714285714
2024-06-06 14:30:00,9724.0,9732.0498046875,9691.0,9716.400390625,9716.400390625,7268,,0.14285714285714285,0.5
2024-06-06 14:45:00,9716.400390625,9729.900390625,9700.0,9700.0,9700.0,5449,,0.07142857142857142,0.5714285714285714
2024-06-06 15:00:00,9702.0498046875,9744.099609375,9702.0498046875,9743.7998046875,9743.7998046875,14830,,0.14285714285714285,0.5
2024-06-06 15:15:00,9743.75,9820.0,9740.0,9762.0,9762.0,41289,,0.21428571428571427,0.5
2024-06-07 09:15:00,9956.9501953125,10083.9501953125,9881.099609375,10073.099609375,10073.099609375,98477,,0.2857142857142857,0.42857142857142855
2024-06-07 09:30:00,10073.2001953125,10075.0,10005.0,10038.849609375,10038.849609375,57599,,0.2857142857142857,0.42857142857142855
2024-06-07 09:45:00,10038.9501953125,10047.900390625,9946.2998046875,10000.400390625,10000.400390625,43087,41.60173160173161,0.2857142857142857,0.35714285714285715
2024-06-07 10:00:00,9997.400390625,10001.349609375,9955.150390625,9991.5498046875,9991.5498046875,15456,41.6017316017316,0.21428571428571427,0.42857142857142855
2024-06-07 10:15:00,9986.0,10008.150390625,9961.0498046875,10000.0,10000.0,16241,41.082251082251084,0.2857142857142857,0.42857142857142855
2024-06-07 10:30:00,9996.0498046875,10016.9501953125,9981.0498046875,9995.0,9995.0,14846,39.264069264069256,0.2857142857142857,0.42857142857142855
2024-06-07 10:45:00,9995.0,10034.400390625,9992.0,10034.400390625,10034.400390625,13785,36.01731601731602,0.35714285714285715,0.35714285714285715
2024-06-07 11:00:00,10032.599609375,10033.0,9994.5,10000.099609375,10000.099609375,12284,33.41991341991342,0.35714285714285715,0.42857142857142855
2024-06-07 11:15:00,10000.0,10017.0,9993.099609375,10000.9501953125,10000.9501953125,10665,30.173160173160174,0.35714285714285715,0.35714285714285715
2024-06-07 11:30:00,10000.0,10030.0,9998.0,10022.75,10022.75,14467,26.536796536796537,0.42857142857142855,0.35714285714285715
2024-06-07 11:45:00,10025.400390625,10030.9501953125,10010.2001953125,10025.0,10025.0,10077,22.56854256854257,0.42857142857142855,0.42857142857142855
2024-06-07 12:00:00,10022.650390625,10062.5,10022.650390625,10046.599609375,10046.599609375,19983,18.203463203463205,0.5,0.35714285714285715
2024-06-07 12:15:00,10047.25,10047.9501953125,10001.0,10011.0,10011.0,19464,14.884559884559883,0.42857142857142855,0.35714285714285715
2024-06-07 12:30:00,10012.0,10042.0,10004.9501953125,10034.900390625,10034.900390625,8688,12.676767676767673,0.35714285714285715,0.42857142857142855
2024-06-07 12:45:00,10037.2001953125,10045.4501953125,10029.9501953125,10045.4501953125,10045.4501953125,6352,13.196248196248193,0.2857142857142857,0.5
2024-06-07 13:00:00,10044.9501953125,10070.0,10037.4501953125,10040.0,10040.0,22962,12.417027417027414,0.35714285714285715,0.42857142857142855
2024-06-07 13:15:00,10042.5,10049.0,10006.0,10028.25,10028.25,11872,12.27272727272727,0.35714285714285715,0.42857142857142855
2024-06-07 13:30:00,10022.650390625,10039.4501953125,10021.0,10038.0,10038.0,6458,10.541125541125538,0.35714285714285715,0.42857142857142855
2024-06-07 13:45:00,10038.0,10039.0,10021.0,10024.7001953125,10024.7001953125,7171,10.541125541125538,0.2857142857142857,0.42857142857142855
2024-06-07 14:00:00,10024.75,10035.0,10007.650390625,10014.0,10014.0,8391,9.906204906204904,0.2857142857142857,0.35714285714285715
2024-06-07 14:15:00,10013.2001953125,10015.0,9972.099609375,9975.099609375,9975.099609375,16074,11.691919191919188,0.21428571428571427,0.35714285714285715
2024-06-07 14:30:00,9977.4501953125,10000.0,9972.099609375,9992.650390625,9992.650390625,11495,12.062976705833846,0.21428571428571427,0.2857142857142857
2024-06-07 14:45:00,9990.0,9993.7001953125,9963.849609375,9979.2001953125,9979.2001953125,13068,13.083384869099152,0.21428571428571427,0.2857142857142857
2024-06-07 15:00:00,9980.400390625,9995.0,9963.4501953125,9970.0,9970.0,28524,13.454442383013811,0.21428571428571427,0.2857142857142857
2024-06-07 15:15:00,9970.0,10000.0,9963.5,9994.5,9994.5,27232,14.474850546279116,0.2857142857142857,0.21428571428571427
2024-06-10 09:15:00,10055.0,10225.349609375,10041.25,10205.0,10205.0,39219,14.30478251906823,0.2857142857142857,0.21428571428571427
2024-06-10 09:30:00,10205.0,10259.0498046875,10127.4501953125,10214.099609375,10214.099609375,54715,13.655431869717583,0.2857142857142857,0.2857142857142857
2024-06-10 09:45:00,10219.0,10225.0,10120.349609375,10194.7998046875,10194.7998046875,29108,14.02648938363224,0.2857142857142857,0.21428571428571427
2024-06-10 10:00:00,10191.599609375,10215.0,10164.4501953125,10203.400390625,10203.400390625,12598,13.0988455988456,0.2857142857142857,0.21428571428571427
2024-06-10 10:15:00,10206.0,10217.650390625,10171.4501953125,10179.400390625,10179.400390625,8942,13.469903112760255,0.21428571428571427,0.2857142857142857
2024-06-10 10:30:00,10175.400390625,10181.7998046875,10140.7998046875,10143.0,10143.0,11711,13.840960626674912,0.21428571428571427,0.2857142857142857
2024-06-10 10:45:00,10143.0,10155.75,10125.2001953125,10147.900390625,10147.900390625,12407,13.191609977324264,0.21428571428571427,0.21428571428571427
2024-06-10 11:00:00,10147.900390625,10149.0,10066.7001953125,10069.0498046875,10069.0498046875,21361,11.763038548752835,0.21428571428571427,0.21428571428571427
2024-06-10 11:15:00,10069.0498046875,10082.0,10027.0,10053.25,10053.25,19091,10.969387755102039,0.21428571428571427,0.21428571428571427
2024-06-10 11:30:00,10053.099609375,10107.0,10045.0,10101.5,10101.5,12689,10.204081632653061,0.2857142857142857,0.21428571428571427
2024-06-10 11:45:00,10101.5,10135.0,10101.5,10119.099609375,10119.099609375,13002,9.183673469387756,0.2857142857142857,0.2857142857142857
2024-06-10 12:00:00,10125.349609375,10134.0,10070.0,10077.5,10077.5,12355,8.16326530612245,0.2857142857142857,0.2857142857142857
2024-06-10 12:15:00,10077.4501953125,10120.849609375,10077.4501953125,10110.2001953125,10110.2001953125,4563,8.928571428571429,0.21428571428571427,0.35714285714285715
2024-06-10 12:30:00,10110.0498046875,10132.9501953125,10110.0,10128.7998046875,10128.7998046875,4663,11.479591836734695,0.14285714285714285,0.42857142857142855
2024-06-10 12:45:00,10125.650390625,10134.9501953125,10111.0,10126.0,10126.0,5240,14.030612244897961,0.14285714285714285,0.42857142857142855
2024-06-10 13:00:00,10127.900390625,10147.0,10115.0,10118.4501953125,10118.4501953125,7298,15.816326530612246,0.21428571428571427,0.35714285714285715
2024-06-10 13:15:00,10118.4501953125,10141.75,10118.4501953125,10139.9501953125,10139.9501953125,3535,17.17687074829932,0.21428571428571427,0.42857142857142855
2024-06-10 13:30:00,10139.9501953125,10159.0,10135.7998046875,10159.0,10159.0,6130,18.537414965986393,0.21428571428571427,0.42857142857142855
2024-06-10 13:45:00,10159.0,10179.849609375,10150.0,10154.400390625,10154.400390625,6679,18.310657596371886,0.2857142857142857,0.35714285714285715
2024-06-10 14:00:00,10154.400390625,10159.349609375,10129.650390625,10142.849609375,10142.849609375,5508,18.083900226757372,0.2857142857142857,0.35714285714285715
2024-06-10 14:15:00,10142.849609375,10150.5,10071.2001953125,10076.0,10076.0,9560,18.877551020408163,0.2857142857142857,0.35714285714285715
2024-06-10 14:30:00,10076.4501953125,10103.5,10056.25,10103.5,10103.5,13383,19.671201814058957,0.2857142857142857,0.35714285714285715
2024-06-10 14:45:00,10102.0498046875,10130.0,10089.5,10097.650390625,10097.650390625,10701,21.099773242630388,0.2857142857142857,0.42857142857142855
2024-06-10 15:00:00,10097.599609375,10115.900390625,10083.5498046875,10083.5498046875,10083.5498046875,13614,22.460317460317462,0.21428571428571427,0.42857142857142855
2024-06-10 15:15:00,10083.5498046875,10093.150390625,10061.0,10085.5498046875,10085.5498046875,30991,24.246031746031747,0.21428571428571427,0.35714285714285715
2024-06-11 09:15:00,10100.0498046875,10154.0,10065.2001953125,10134.9501953125,10134.9501953125,13216,25.03968253968254,0.2857142857142857,0.35714285714285715
2024-06-11 09:30:00,10139.7998046875,10172.5498046875,10111.0,10169.0,10169.0,15624,24.047619047619055,0.2857142857142857,0.35714285714285715
2024-06-11 09:45:00,10169.0,10185.0,10145.099609375,10172.150390625,10172.150390625,11753,21.269841269841272,0.2857142857142857,0.35714285714285715
2024-06-11 10:00:00,10172.0498046875,10179.900390625,10113.4501953125,10123.0,10123.0,11997,19.484126984126988,0.21428571428571427,0.35714285714285715
2024-06-11 10:15:00,10123.0,10140.75,10120.099609375,10134.849609375,10134.849609375,3699,21.269841269841272,0.14285714285714285,0.42857142857142855
2024-06-11 10:30:00,10134.849609375,10139.099609375,10103.599609375,10135.0,10135.0,6306,21.95011337868481,0.14285714285714285,0.35714285714285715
2024-06-11 10:45:00,10133.400390625,10138.4501953125,10110.0,10137.0,10137.0,6068,22.630385487528347,0.14285714285714285,0.35714285714285715
2024-06-11 11:00:00,10139.9501953125,10140.0,10120.0,10139.9501953125,10139.9501953125,3270,26.93877551020409,0.07142857142857142,0.42857142857142855
2024-06-11 11:15:00,10139.900390625,10158.0,10137.650390625,10143.099609375,10143.099609375,6147,29.716553287981863,0.14285714285714285,0.42857142857142855
2024-06-11 11:30:00,10143.099609375,10165.9501953125,10143.099609375,10147.7998046875,10147.7998046875,3967,31.303854875283456,0.21428571428571427,0.42857142857142855
2024-06-11 11:45:00,10147.0498046875,10155.75,10144.099609375,10148.0,10148.0,3021,33.36734693877552,0.21428571428571427,0.5
2024-06-11 12:00:00,10148.0,10221.9501953125,10135.0498046875,10202.400390625,10202.400390625,21679,33.36734693877552,0.2857142857142857,0.42857142857142855
2024-06-11 12:15:00,10202.400390625,10202.400390625,10135.5,10145.7998046875,10145.7998046875,19023,32.93444650587508,0.2857142857142857,0.5
2024-06-11 12:30:00,10143.75,10156.25,10134.650390625,10152.900390625,10152.900390625,7084,33.09678416821275,0.2857142857142857,0.5
2024-06-11 12:45:00,10151.0,10170.7001953125,10142.5,10161.5,10161.5,3912,34.2511853226139,0.2857142857142857,0.5
2024-06-11 13:00:00,10161.5,10171.5498046875,10153.150390625,10158.7998046875,10158.7998046875,2522,35.40558647701505,0.2857142857142857,0.5
2024-06-11 13:15:00,10155.2998046875,10175.0,10155.2998046875,10172.150390625,10172.150390625,2936,35.26128633271491,0.35714285714285715,0.42857142857142855
2024-06-11 13:30:00,10172.2001953125,10177.400390625,10150.0498046875,10159.400390625,10159.400390625,3936,33.475572047000625,0.42857142857142855,0.42857142857142855
2024-06-11 13:45:00,10159.400390625,10178.0,10157.75,10172.4501953125,10172.4501953125,5509,29.904143475572052,0.42857142857142855,0.42857142857142855
2024-06-11 14:00:00,10172.5,10175.0,10144.0498046875,10154.9501953125,10154.9501953125,6964,26.84291898577613,0.42857142857142855,0.42857142857142855
2024-06-11 14:15:00,10154.9501953125,10169.099609375,10146.900390625,10161.75,10161.75,4449,23.781694495980215,0.42857142857142855,0.42857142857142855
2024-06-11 14:30:00,10161.900390625,10170.900390625,10156.9501953125,10158.9501953125,10158.9501953125,7449,18.679653679653683,0.42857142857142855,0.42857142857142855
2024-06-11 14:45:00,10160.0,10170.0,10152.0,10156.25,10156.25,5865,15.757575757575761,0.35714285714285715,0.42857142857142855
2024-06-11 15:00:00,10156.400390625,10160.0,10142.0,10145.099609375,10145.099609375,13309,14.805194805194807,0.2857142857142857,0.42857142857142855
2024-06-11 15:15:00,10145.0498046875,10152.75,10115.0498046875,10140.5,10140.5,21996,12.741702741702744,0.2857142857142857,0.35714285714285715
2024-06-12 09:15:00,10179.9501953125,10224.0,10168.349609375,10204.75,10204.75,18102,12.106782106782108,0.2857142857142857,0.35714285714285715
2024-06-12 09:30:00,10204.7998046875,10235.0,10190.349609375,10221.400390625,10221.400390625,17053,10.952380952380953,0.2857142857142857,0.35714285714285715
2024-06-12 09:45:00,10221.400390625,10287.2998046875,10221.400390625,10275.0,10275.0,37983,9.004329004329005,0.35714285714285715,0.35714285714285715
2024-06-12 10:00:00,10276.349609375,10297.5,10265.0,10266.25,10266.25,26504,8.484848484848486,0.2857142857142857,0.42857142857142855
2024-06-12 10:15:00,10269.2001953125,10347.9501953125,10266.0498046875,10314.7998046875,10314.7998046875,22674,6.536796536796538,0.35714285714285715,0.35714285714285715
2024-06-12 10:30:00,10311.9501953125,10332.7998046875,10295.349609375,10299.0,10299.0,12219,7.316017316017316,0.2857142857142857,0.42857142857142855
2024-06-12 10:45:00,10299.0,10313.9501953125,10278.0,10280.0,10280.0,9203,9.696969696969697,0.21428571428571427,0.42857142857142855
2024-06-12 11:00:00,10279.7001953125,10315.0,10279.0,10295.0,10295.0,7875,10.49062049062049,0.2857142857142857,0.35714285714285715
2024-06-12 11:15:00,10295.0,10319.75,10283.849609375,10310.4501953125,10310.4501953125,6560,11.91919191919192,0.2857142857142857,0.42857142857142855
2024-06-12 11:30:00,10309.849609375,10310.849609375,10279.0498046875,10308.7998046875,10308.7998046875,6689,12.712842712842715,0.2857142857142857,0.35714285714285715
2024-06-12 11:45:00,10309.0,10326.5498046875,10305.599609375,10326.5,10326.5,7734,13.50649350649351,0.2857142857142857,0.35714285714285715
2024-06-12 12:00:00,10323.599609375,10339.0,10309.9501953125,10332.599609375,10332.599609375,10661,12.85714285714286,0.35714285714285715,0.35714285714285715
2024-06-12 12:15:00,10332.599609375,10334.5498046875,10310.0,10311.099609375,10311.099609375,6262,12.077922077922079,0.35714285714285715,0.42857142857142855
2024-06-12 12:30:00,10311.2998046875,10323.099609375,10301.0,10309.099609375,10309.099609375,7098,11.933621933621934,0.35714285714285715,0.42857142857142855
2024-06-12 12:45:00,10309.099609375,10324.25,10291.099609375,10291.099609375,10291.099609375,7466,11.789321789321788,0.35714285714285715,0.42857142857142855
2024-06-12 13:00:00,10291.099609375,10294.900390625,10255.2001953125,10266.0,10266.0,14247,10.995670995670993,0.35714285714285715,0.35714285714285715
2024-06-12 13:15:00,10263.9501953125,10286.849609375,10255.0,10273.400390625,10273.400390625,7545,11.789321789321788,0.2857142857142857,0.35714285714285715
2024-06-12 13:30:00,10273.400390625,10289.849609375,10270.349609375,10287.2001953125,10287.2001953125,4052,11.154401154401155,0.2857142857142857,0.35714285714285715
2024-06-12 13:45:00,10287.900390625,10290.0,10263.0,10269.0,10269.0,6387,11.948051948051946,0.2857142857142857,0.35714285714285715
2024-06-12 14:00:00,10268.900390625,10285.0,10263.2998046875,10270.599609375,10270.599609375,4531,11.313131313131313,0.2857142857142857,0.35714285714285715
2024-06-12 14:15:00,10270.5498046875,10284.0,10267.5498046875,10277.75,10277.75,4559,10.36075036075036,0.2857142857142857,0.42857142857142855
2024-06-12 14:30:00,10277.7998046875,10300.0,10269.25,10292.7001953125,10292.7001953125,9965,10.995670995670995,0.2857142857142857,0.42857142857142855
2024-06-12 14:45:00,10292.099609375,10318.0,10290.7001953125,10316.0,10316.0,11881,10.995670995670995,0.2857142857142857,0.42857142857142855
2024-06-12 15:00:00,10314.75,10315.0,10296.400390625,10311.599609375,10311.599609375,15855,12.15007215007215,0.2857142857142857,0.5
2024-06-12 15:15:00,10311.599609375,10338.900390625,10291.400390625,10317.5,10317.5,27144,12.005772005772004,0.35714285714285715,0.42857142857142855
2024-06-13 09:15:00,10377.2001953125,10465.0498046875,10371.400390625,10435.099609375,10435.099609375,42664,12.655122655122653,0.35714285714285715,0.42857142857142855
2024-06-13 09:30:00,10423.2998046875,10432.2998046875,10380.0,10420.0,10420.0,28665,12.655122655122653,0.35714285714285715,0.42857142857142855
2024-06-13 09:45:00,10420.0,10436.0,10393.5,10422.849609375,10422.849609375,14797,13.196248196248195,0.35714285714285715,0.5
2024-06-13 10:00:00,10426.0,10450.0,10423.2998046875,10440.849609375,10440.849609375,12146,14.927849927849929,0.2857142857142857,0.5714285714285714
2024-06-13 10:15:00,10436.849609375,10438.2001953125,10410.0,10419.099609375,10419.099609375,5752,17.30880230880231,0.2857142857142857,0.5714285714285714
2024-06-13 10:30:00,10419.099609375,10493.900390625,10411.0498046875,10472.900390625,10472.900390625,16711,18.16350316350316,0.35714285714285715,0.5714285714285714
2024-06-13 10:45:00,10467.400390625,10510.0,10467.400390625,10485.150390625,10485.150390625,20025,19.018204018204017,0.35714285714285715,0.5714285714285714
2024-06-13 11:00:00,10489.0,10515.0,10471.9501953125,10491.7998046875,10491.7998046875,24002,19.872904872904872,0.35714285714285715,0.5714285714285714
2024-06-13 11:15:00,10496.9501953125,10514.0,10482.0,10511.0498046875,10511.0498046875,10785,20.727605727605724,0.35714285714285715,0.5714285714285714
2024-06-13 11:30:00,10514.5498046875,10569.0,10511.5498046875,10557.900390625,10557.900390625,19647,19.848484848484848,0.42857142857142855,0.5
2024-06-13 11:45:00,10561.0,10694.5498046875,10561.0,10659.0,10659.0,57385,18.969363969363968,0.42857142857142855,0.5
2024-06-13 12:00:00,10659.9501953125,10767.900390625,10641.599609375,10740.9501953125,10740.9501953125,58619,18.09024309024309,0.42857142857142855,0.5
2024-06-13 12:15:00,10741.0,10821.150390625,10720.650390625,10728.400390625,10728.400390625,57338,16.69164169164169,0.42857142857142855,0.5
2024-06-13 12:30:00,10738.0498046875,10792.0,10733.349609375,10770.849609375,10770.849609375,19941,17.69064269064269,0.35714285714285715,0.5714285714285714
2024-06-13 12:45:00,10770.650390625,10799.75,10752.849609375,10770.0498046875,10770.0498046875,19718,19.788544788544787,0.2857142857142857,0.6428571428571429
2024-06-13 13:00:00,10774.5498046875,10783.9501953125,10741.0498046875,10757.7001953125,10757.7001953125,13064,21.52014652014652,0.2857142857142857,0.5714285714285714
2024-06-13 13:15:00,10753.400390625,10766.9501953125,10735.0,10765.7001953125,10765.7001953125,11001,22.27772227772228,0.2857142857142857,0.5
2024-06-13 13:30:00,10766.650390625,10779.900390625,10752.9501953125,10759.5,10759.5,10431,21.84482184482184,0.2857142857142857,0.5
2024-06-13 13:45:00,10756.349609375,10790.0,10755.150390625,10782.2001953125,10782.2001953125,10489,20.654345654345654,0.35714285714285715,0.5
2024-06-13 14:00:00,10787.2998046875,10789.650390625,10750.0,10776.0,10776.0,13697,20.954045954045956,0.2857142857142857,0.5
2024-06-13 14:15:00,10775.0,10777.9501953125,10746.2001953125,10763.0,10763.0,10337,20.734265734265737,0.2857142857142857,0.42857142857142855
2024-06-13 14:30:00,10767.75,10784.900390625,10763.0,10776.75,10776.75,8648,21.943056943056945,0.21428571428571427,0.5
2024-06-13 14:45:00,10776.400390625,10829.7998046875,10771.75,10827.7001953125,10827.7001953125,25335,21.72327672327673,0.2857142857142857,0.42857142857142855
2024-06-13 15:00:00,10828.0,10854.0,10822.349609375,10851.0,10851.0,35653,24.030969030969032,0.21428571428571427,0.5
2024-06-13 15:15:00,10850.0,10884.650390625,10847.849609375,10855.7001953125,10855.7001953125,53912,26.338661338661343,0.21428571428571427,0.5
2024-06-14 09:15:00,10955.0,11017.150390625,10866.75,11010.0,11010.0,53045,27.217782217782222,0.2857142857142857,0.42857142857142855
2024-06-14 09:30:00,11015.7001953125,11240.0,11010.599609375,11228.25,11228.25,152466,26.66833166833167,0.35714285714285715,0.35714285714285715
2024-06-14 09:45:00,11228.0498046875,11390.0,11221.099609375,11351.25,11351.25,123488,25.01998001998002,0.35714285714285715,0.35714285714285715
2024-06-14 10:00:00,11346.4501953125,11424.0,11323.0498046875,11398.0,11398.0,70632,22.272727272727277,0.35714285714285715,0.35714285714285715
2024-06-14 10:15:00,11397.2998046875,11454.2001953125,11386.0,11406.25,11406.25,62877,20.541125541125545,0.35714285714285715,0.42857142857142855
2024-06-14 10:30:00,11406.25,11419.9501953125,11339.2001953125,11392.400390625,11392.400390625,47212,19.242424242424246,0.35714285714285715,0.42857142857142855
2024-06-14 10:45:00,11393.7001953125,11400.0,11356.7998046875,11388.0,11388.0,29547,17.943722943722946,0.35714285714285715,0.42857142857142855
2024-06-14 11:00:00,11390.849609375,11413.0,11364.5,11399.0,11399.0,20993,17.402597402597404,0.35714285714285715,0.42857142857142855
2024-06-14 11:15:00,11399.0,11418.0,11370.0,11393.7001953125,11393.7001953125,21481,16.645021645021647,0.35714285714285715,0.5
2024-06-14 11:30:00,11390.5498046875,11417.900390625,11390.5498046875,11403.349609375,11403.349609375,12916,16.864801864801866,0.35714285714285715,0.5714285714285714
2024-06-14 11:45:00,11403.900390625,11406.0,11365.0,11375.0498046875,11375.0498046875,23500,15.1981351981352,0.35714285714285715,0.5
2024-06-14 12:00:00,11377.400390625,11384.650390625,11320.7998046875,11380.0,11380.0,31614,15.717615717615717,0.2857142857142857,0.5
2024-06-14 12:15:00,11376.4501953125,11405.0,11367.0,11387.349609375,11387.349609375,13430,14.808524808524808,0.2857142857142857,0.5
2024-06-14 12:30:00,11385.9501953125,11417.9501953125,11365.349609375,11373.7001953125,11373.7001953125,29594,13.899433899433898,0.2857142857142857,0.5
2024-06-14 12:45:00,11372.0,11388.0,11356.150390625,11384.75,11384.75,8309,15.328005328005329,0.21428571428571427,0.5
2024-06-14 13:00:00,11384.75,11385.0,11261.0,11288.400390625,11288.400390625,48366,19.296259296259297,0.14285714285714285,0.5
2024-06-14 13:15:00,11286.7998046875,11289.0498046875,11205.2001953125,11206.099609375,11206.099609375,49651,22.867687867687867,0.14285714285714285,0.42857142857142855
2024-06-14 13:30:00,11207.0,11210.0,11120.0,11158.349609375,11158.349609375,53460,25.92891235748379,0.14285714285714285,0.35714285714285715
2024-06-14 13:45:00,11162.0,11250.0,11157.900390625,11231.0,11231.0,33997,26.299969871398442,0.21428571428571427,0.2857142857142857
2024-06-14 14:00:00,11229.150390625,11254.7998046875,11190.0,11193.7998046875,11193.7998046875,23298,27.43633350776208,0.21428571428571427,0.35714285714285715
2024-06-14 14:15:00,11193.599609375,11193.599609375,11070.7001953125,11079.849609375,11079.849609375,85715,27.80739102167674,0.21428571428571427,0.2857142857142857
2024-06-14 14:30:00,11080.0,11155.0,11020.349609375,11077.0,11077.0,80827,29.538992753278468,0.14285714285714285,0.2857142857142857
2024-06-14 14:45:00,11071.900390625,11218.099609375,11039.2001953125,11215.5,11215.5,53023,28.348516562802278,0.21428571428571427,0.21428571428571427
2024-06-14 15:00:00,11204.599609375,11289.9501953125,11200.849609375,11249.9501953125,11249.9501953125,52017,26.700164914450628,0.21428571428571427,0.21428571428571427
2024-06-14 15:15:00,11250.0,11250.0,11213.9501953125,11242.849609375,11242.849609375,34562,26.530096887239743,0.21428571428571427,0.2857142857142857
2024-06-18 09:15:00,11349.0498046875,11349.0498046875,11159.0,11204.650390625,11204.650390625,31720,24.582044939187796,0.2857142857142857,0.2857142857142857
2024-06-18 09:30:00,11204.7001953125,11275.4501953125,11142.849609375,11274.0,11274.0,36633,23.654401154401153,0.2857142857142857,0.21428571428571427
2024-06-18 09:45:00,11274.0,11323.0,11229.4501953125,11302.75,11302.75,30045,22.726757369614514,0.21428571428571427,0.2857142857142857
2024-06-18 10:00:00,11300.0,11414.5498046875,11284.7998046875,11318.599609375,11318.599609375,48234,19.869614512471657,0.2857142857142857,0.2857142857142857
2024-06-18 10:15:00,11318.599609375,11330.849609375,11270.099609375,11312.599609375,11312.599609375,17188,15.90136054421769,0.2857142857142857,0.2857142857142857
2024-06-18 10:30:00,11311.0,11335.0,11290.849609375,11318.5,11318.5,8420,13.123582766439911,0.2857142857142857,0.35714285714285715
2024-06-18 10:45:00,11325.0,11352.900390625,11300.2998046875,11332.400390625,11332.400390625,8941,10.062358276643993,0.35714285714285715,0.35714285714285715
2024-06-18 11:00:00,11332.5498046875,11363.0,11322.0,11324.900390625,11324.900390625,14298,10.470521541950115,0.2857142857142857,0.42857142857142855
2024-06-18 11:15:00,11322.0,11336.9501953125,11306.0,11332.400390625,11332.400390625,10570,9.478458049886623,0.2857142857142857,0.35714285714285715
2024-06-18 11:30:00,11336.0,11345.0,11323.7998046875,11343.400390625,11343.400390625,6239,9.886621315192745,0.2857142857142857,0.42857142857142855
2024-06-18 11:45:00,11338.0498046875,11343.400390625,11308.150390625,11308.5,11308.5,7252,8.934240362811792,0.2857142857142857,0.42857142857142855
2024-06-18 12:00:00,11314.0,11335.0,11291.400390625,11304.599609375,11304.599609375,17140,11.315192743764173,0.21428571428571427,0.42857142857142855
2024-06-18 12:15:00,11304.599609375,11319.9501953125,11299.099609375,11314.650390625,11314.650390625,4838,13.696145124716553,0.21428571428571427,0.42857142857142855
2024-06-18 12:30:00,11314.650390625,11347.7998046875,11311.099609375,11335.0,11335.0,11745,13.469387755102044,0.2857142857142857,0.35714285714285715
2024-06-18 12:45:00,11337.0,11372.0,11329.4501953125,11372.0,11372.0,17387,14.263038548752837,0.2857142857142857,0.35714285714285715
2024-06-18 13:00:00,11367.0498046875,11390.9501953125,11358.0498046875,11369.4501953125,11369.4501953125,11314,14.671201814058959,0.2857142857142857,0.42857142857142855
2024-06-18 13:15:00,11367.0,11371.900390625,11346.0,11362.2998046875,11362.2998046875,8882,14.444444444444446,0.2857142857142857,0.35714285714285715
2024-06-18 13:30:00,11361.650390625,11388.2001953125,11359.0498046875,11385.650390625,11385.650390625,9027,15.23809523809524,0.2857142857142857,0.35714285714285715
2024-06-18 13:45:00,11384.900390625,11389.849609375,11367.150390625,11385.9501953125,11385.9501953125,6581,16.666666666666668,0.2857142857142857,0.42857142857142855
2024-06-18 14:00:00,11386.75,11494.0,11385.650390625,11479.75,11479.75,52931,15.873015873015875,0.35714285714285715,0.35714285714285715
2024-06-18 14:15:00,11484.849609375,11498.0,11444.9501953125,11459.0,11459.0,27060,17.3015873015873,0.2857142857142857,0.42857142857142855
2024-06-18 14:30:00,11459.0,11500.0,11451.2001953125,11499.0,11499.0,14595,17.3015873015873,0.2857142857142857,0.42857142857142855
2024-06-18 14:45:00,11495.599609375,11523.9501953125,11481.4501953125,11510.0,11510.0,27203,18.455988455988457,0.2857142857142857,0.5
2024-06-18 15:00:00,11510.4501953125,11551.0,11505.7001953125,11548.099609375,11548.099609375,45073,17.67676767676768,0.35714285714285715,0.42857142857142855
2024-06-18 15:15:00,11548.150390625,11569.0,11527.0,11547.0,11547.0,49571,17.438672438672437,0.35714285714285715,0.5
2024-06-19 09:15:00,11545.0,11545.0,11362.099609375,11362.2998046875,11362.2998046875,35203,16.248196248196248,0.35714285714285715,0.5
2024-06-19 09:30:00,11363.2001953125,11450.0,11305.0498046875,11411.0498046875,11411.0498046875,35698,14.516594516594518,0.35714285714285715,0.42857142857142855
2024-06-19 09:45:00,11419.849609375,11489.0,11389.099609375,11455.0498046875,11455.0498046875,26646,15.67099567099567,0.2857142857142857,0.5
2024-06-19 10:00:00,11458.5,11535.099609375,11450.0,11460.150390625,11460.150390625,34270,18.124098124098122,0.21428571428571427,0.5714285714285714
2024-06-19 10:15:00,11455.0,11461.4501953125,11370.0,11385.7001953125,11385.7001953125,22122,19.552669552669553,0.21428571428571427,0.5
2024-06-19 10:30:00,11380.0,11444.9501953125,11363.0,11418.349609375,11418.349609375,12365,21.616161616161616,0.21428571428571427,0.5
2024-06-19 10:45:00,11418.099609375,11445.0,11380.0,11440.650390625,11440.650390625,8417,25.108225108225106,0.14285714285714285,0.5714285714285714
2024-06-19 11:00:00,11440.0,11475.0,11416.349609375,11436.0,11436.0,8604,27.965367965367964,0.14285714285714285,0.5714285714285714
2024-06-19 11:15:00,11436.0,11469.0,11433.900390625,11445.099609375,11445.099609375,5127,33.679653679653676,0.07142857142857142,0.6428571428571429
2024-06-19 11:30:00,11445.650390625,11449.7998046875,11391.0,11428.0,11428.0,8444,37.80663780663781,0.07142857142857142,0.5714285714285714
2024-06-19 11:45:00,11427.400390625,11428.0,11395.0,11395.099609375,11395.099609375,5407,41.93362193362193,0.07142857142857142,0.5714285714285714
2024-06-19 12:00:00,11395.75,11417.599609375,11383.599609375,11396.2001953125,11396.2001953125,13490,45.34271284271284,0.07142857142857142,0.5
2024-06-19 12:15:00,11396.2001953125,11408.0498046875,11385.0,11391.7001953125,11391.7001953125,15880,51.83621933621934,0.0,0.5714285714285714
2024-06-19 12:30:00,11392.2001953125,11403.7001953125,11367.849609375,11371.7998046875,11371.7998046875,6536,57.788600288600286,0.0,0.5
2024-06-19 12:45:00,11371.0,11388.349609375,11327.7001953125,11379.5498046875,11379.5498046875,14160,63.74098124098124,0.0,0.5
2024-06-19 13:00:00,11376.849609375,11385.9501953125,11362.599609375,11381.900390625,11381.900390625,4776,70.23448773448773,0.0,0.5714285714285714
2024-06-19 13:15:00,11383.0,11429.099609375,11376.0,11423.2001953125,11423.2001953125,12151,73.64357864357865,0.07142857142857142,0.5
2024-06-19 13:30:00,11425.099609375,11433.4501953125,11401.599609375,11431.2998046875,11431.2998046875,6624,75.75396825396827,0.07142857142857142,0.5
2024-06-19 13:45:00,11431.25,11431.25,11410.0,11422.0,11422.0,2924,78.45238095238096,0.07142857142857142,0.5714285714285714
2024-06-19 14:00:00,11417.599609375,11422.0,11377.599609375,11407.5,11407.5,7370,81.15079365079364,0.07142857142857142,0.5714285714285714
2024-06-19 14:15:00,11407.2001953125,11424.650390625,11386.0,11415.7998046875,11415.7998046875,5991,82.42063492063492,0.07142857142857142,0.5714285714285714
2024-06-19 14:30:00,11410.25,11424.0498046875,11386.5,11391.900390625,11391.900390625,10880,83.69047619047619,0.07142857142857142,0.5714285714285714
2024-06-19 14:45:00,11390.650390625,11407.349609375,11350.0,11365.849609375,11365.849609375,10433,83.33333333333334,0.07142857142857142,0.5
2024-06-19 15:00:00,11368.9501953125,11381.5,11321.2001953125,11338.900390625,11338.900390625,19073,83.13492063492063,0.07142857142857142,0.5
2024-06-19 15:15:00,11331.650390625,11347.849609375,11309.0,11336.349609375,11336.349609375,28551,82.6814058956916,0.07142857142857142,0.42857142857142855
2024-06-20 09:15:00,11400.0,11400.0,11180.0,11291.0,11291.0,27508,80.89569160997732,0.14285714285714285,0.42857142857142855
2024-06-20 09:30:00,11285.650390625,11447.25,11281.5498046875,11428.0,11428.0,34452,77.32426303854875,0.14285714285714285,0.42857142857142855
2024-06-20 09:45:00,11429.0,11443.9501953125,11371.0498046875,11432.0,11432.0,15363,74.14965986394557,0.14285714285714285,0.5
2024-06-20 10:00:00,11431.599609375,11475.0,11408.0,11444.2001953125,11444.2001953125,19646,71.29251700680273,0.14285714285714285,0.5714285714285714
2024-06-20 10:15:00,11444.650390625,11460.0,11426.0498046875,11433.0,11433.0,7318,68.43537414965986,0.14285714285714285,0.5714285714285714
2024-06-20 10:30:00,11434.650390625,11497.4501953125,11420.0,11484.0498046875,11484.0498046875,17960,67.3639455782313,0.14285714285714285,0.5714285714285714
2024-06-20 10:45:00,11496.9501953125,11510.0,11450.7001953125,11498.400390625,11498.400390625,17425,66.29251700680273,0.14285714285714285,0.5714285714285714
2024-06-20 11:00:00,11499.849609375,11505.0,11457.0,11494.150390625,11494.150390625,8426,65.02267573696146,0.14285714285714285,0.5714285714285714
2024-06-20 11:15:00,11494.150390625,11535.0,11490.0498046875,11517.150390625,11517.150390625,16040,64.01257472686044,0.14285714285714285,0.6428571428571429
2024-06-20 11:30:00,11517.150390625,11578.099609375,11512.0498046875,11533.0,11533.0,21941,61.70377241805813,0.21428571428571427,0.5714285714285714
2024-06-20 11:45:00,11533.0,11565.0,11507.0,11530.0,11530.0,9975,59.005359719645426,0.21428571428571427,0.5
2024-06-20 12:00:00,11528.0,11542.5498046875,11510.0,11518.5498046875,11518.5498046875,8330,56.89497010925582,0.21428571428571427,0.5714285714285714
2024-06-20 12:15:00,11515.400390625,11531.5,11490.0,11495.0,11495.0,6505,54.78458049886621,0.21428571428571427,0.5714285714285714
2024-06-20 12:30:00,11495.0,11525.7998046875,11469.2001953125,11497.599609375,11497.599609375,13742,52.929292929292934,0.21428571428571427,0.5714285714285714
2024-06-20 12:45:00,11497.150390625,11502.7998046875,11460.0,11466.5498046875,11466.5498046875,6366,53.64357864357864,0.14285714285714285,0.5714285714285714
2024-06-20 13:00:00,11466.5498046875,11475.7998046875,11435.400390625,11460.7998046875,11460.7998046875,11798,54.04040404040404,0.14285714285714285,0.5
2024-06-20 13:15:00,11459.2998046875,11475.7998046875,11429.7001953125,11429.7001953125,11429.7001953125,8961,53.643578643578635,0.14285714285714285,0.42857142857142855
2024-06-20 13:30:00,11425.7998046875,11450.7998046875,11413.099609375,11448.400390625,11448.400390625,6325,52.41908884766027,0.14285714285714285,0.35714285714285715
2024-06-20 13:45:00,11448.400390625,11454.0498046875,11431.0498046875,11438.7998046875,11438.7998046875,4666,51.19459905174191,0.14285714285714285,0.35714285714285715
2024-06-20 14:00:00,11438.7998046875,11504.599609375,11430.9501953125,11481.849609375,11481.849609375,16744,49.970109255823544,0.14285714285714285,0.35714285714285715
2024-06-20 14:15:00,11480.0,11500.0,11475.349609375,11478.0,11478.0,5821,48.74561945990517,0.14285714285714285,0.35714285714285715
2024-06-20 14:30:00,11478.0,11516.650390625,11471.099609375,11495.0,11495.0,8363,45.480313337456195,0.21428571428571427,0.2857142857142857
2024-06-20 14:45:00,11495.0,11503.400390625,11456.0,11456.0,11456.0,8093,40.93485879200165,0.21428571428571427,0.21428571428571427
2024-06-20 15:00:00,11460.5,11489.9501953125,11456.7998046875,11475.0,11475.0,12398,40.069057926200784,0.14285714285714285,0.2857142857142857
2024-06-20 15:15:00,11471.5498046875,11508.0,11471.5498046875,11481.4501953125,11481.4501953125,23125,38.23232323232323,0.21428571428571427,0.2857142857142857
2024-06-21 09:15:00,11485.4501953125,11613.400390625,11481.5498046875,11587.400390625,11587.400390625,30221,36.00597814883529,0.2857142857142857,0.21428571428571427
2024-06-21 09:30:00,11588.75,11637.25,11523.099609375,11526.0498046875,11526.0498046875,37897,32.759224902082046,0.2857142857142857,0.2857142857142857
2024-06-21 09:45:00,11529.650390625,11577.0,11491.2998046875,11522.2998046875,11522.2998046875,21556,29.512471655328795,0.2857142857142857,0.2857142857142857
2024-06-21 10:00:00,11527.0,11555.0,11505.0,11512.9501953125,11512.9501953125,8989,26.020408163265305,0.2857142857142857,0.35714285714285715
2024-06-21 10:15:00,11514.0,11568.75,11511.849609375,11564.0,11564.0,8306,22.052154195011337,0.35714285714285715,0.35714285714285715
2024-06-21 10:30:00,11563.0498046875,11570.0,11535.4501953125,11539.7998046875,11539.7998046875,4702,19.130076272933415,0.35714285714285715,0.42857142857142855
2024-06-21 10:45:00,11539.7998046875,11588.9501953125,11515.75,11579.900390625,11579.900390625,10198,16.068851783137497,0.42857142857142855,0.42857142857142855
2024-06-21 11:00:00,11579.900390625,11590.099609375,11554.0,11563.9501953125,11563.9501953125,7087,13.007627293341576,0.42857142857142855,0.42857142857142855
2024-06-21 11:15:00,11560.099609375,11615.0,11560.099609375,11592.099609375,11592.099609375,8822,9.946402803545661,0.42857142857142855,0.42857142857142855
2024-06-21 11:30:00,11590.599609375,11671.900390625,11584.2001953125,11638.0,11638.0,26455,8.075654504225932,0.5,0.35714285714285715
2024-06-21 11:45:00,11644.0,11679.400390625,11641.150390625,11663.400390625,11663.400390625,21304,7.055246340960626,0.42857142857142855,0.42857142857142855
2024-06-21 12:00:00,11666.099609375,11668.0,11623.25,11665.0,11665.0,12916,7.055246340960626,0.42857142857142855,0.42857142857142855
2024-06-21 12:15:00,11668.0,11673.9501953125,11619.9501953125,11643.9501953125,11643.9501953125,10453,5.8647701504844365,0.5,0.35714285714285715
2024-06-21 12:30:00,11644.0,11659.0,11576.2998046875,11600.0,11600.0,12560,5.49371263656978,0.42857142857142855,0.35714285714285715
2024-06-21 12:45:00,11599.599609375,11622.9501953125,11567.650390625,11605.349609375,11605.349609375,12980,4.473304473304473,0.35714285714285715,0.35714285714285715
2024-06-21 13:00:00,11606.7998046875,11606.7998046875,11527.2998046875,11569.2001953125,11569.2001953125,13893,5.266955266955266,0.35714285714285715,0.2857142857142857
2024-06-21 13:15:00,11569.2001953125,11617.150390625,11562.349609375,11568.0,11568.0,9270,5.266955266955266,0.35714285714285715,0.35714285714285715
2024-06-21 13:30:00,11569.2001953125,11591.0,11560.5498046875,11572.7001953125,11572.7001953125,6140,5.266955266955266,0.35714285714285715,0.2857142857142857
2024-06-21 13:45:00,11572.0498046875,11609.0,11568.150390625,11589.400390625,11589.400390625,10363,6.0606060606060606,0.35714285714285715,0.2857142857142857
2024-06-21 14:00:00,11588.0,11606.25,11585.0,11586.25,11586.25,5790,6.204906204906207,0.35714285714285715,0.2857142857142857
2024-06-21 14:15:00,11586.25,11590.0,11532.0,11532.0,11532.0,8885,6.204906204906207,0.2857142857142857,0.2857142857142857
2024-06-21 14:30:00,11531.0498046875,11555.0,11515.0,11540.599609375,11540.599609375,11643,7.225314368171512,0.2857142857142857,0.21428571428571427
2024-06-21 14:45:00,11538.099609375,11570.0,11530.099609375,11569.9501953125,11569.9501953125,9498,8.245722531436817,0.21428571428571427,0.2857142857142857
2024-06-21 15:00:00,11572.849609375,11575.900390625,11522.2001953125,11534.400390625,11534.400390625,26684,8.075654504225934,0.21428571428571427,0.2857142857142857
2024-06-21 15:15:00,11533.7001953125,11544.349609375,11514.0,11539.099609375,11539.099609375,26736,8.075654504225934,0.21428571428571427,0.21428571428571427
2024-06-24 09:15:00,11450.0498046875,11656.5,11424.599609375,11600.0,11600.0,27620,9.09606266749124,0.2857142857142857,0.21428571428571427
2024-06-24 09:30:00,11602.4501953125,11630.0,11568.9501953125,11616.9501953125,11616.9501953125,17856,8.925994640280356,0.21428571428571427,0.2857142857142857
2024-06-24 09:45:00,11609.7998046875,11621.9501953125,11554.099609375,11591.400390625,11591.400390625,12602,9.297052154195013,0.21428571428571427,0.2857142857142857
2024-06-24 10:00:00,11586.2998046875,11608.0,11571.75,11578.0498046875,11578.0498046875,6708,11.082766439909298,0.21428571428571427,0.35714285714285715
2024-06-24 10:15:00,11577.0,11598.7001953125,11572.4501953125,11586.9501953125,11586.9501953125,5474,12.670068027210887,0.21428571428571427,0.42857142857142855
2024-06-24 10:30:00,11581.150390625,11592.75,11575.0,11585.2001953125,11585.2001953125,3791,15.051020408163266,0.21428571428571427,0.42857142857142855
2024-06-24 10:45:00,11585.2001953125,11589.0,11540.0,11540.5,11540.5,10788,16.638321995464853,0.21428571428571427,0.42857142857142855
2024-06-24 11:00:00,11541.7001953125,11565.0,11520.0,11531.849609375,11531.849609375,11064,19.41609977324263,0.14285714285714285,0.42857142857142855
2024-06-24 11:15:00,11531.849609375,11544.849609375,11508.0,11539.0,11539.0,10554,21.683673469387752,0.14285714285714285,0.35714285714285715
2024-06-24 11:30:00,11539.9501953125,11602.0,11538.2001953125,11577.099609375,11577.099609375,13416,23.46938775510204,0.21428571428571427,0.35714285714285715
2024-06-24 11:45:00,11575.7001953125,11591.25,11575.0,11582.400390625,11582.400390625,4669,24.829931972789115,0.21428571428571427,0.42857142857142855
2024-06-24 12:00:00,11584.0498046875,11610.0,11580.0,11608.9501953125,11608.9501953125,7910,24.603174603174605,0.2857142857142857,0.35714285714285715
2024-06-24 12:15:00,11608.9501953125,11635.0,11585.0498046875,11615.150390625,11615.150390625,8135,24.376417233560094,0.2857142857142857,0.35714285714285715
2024-06-24 12:30:00,11615.150390625,11627.900390625,11610.0,11613.599609375,11613.599609375,3539,25.804988662131525,0.2857142857142857,0.42857142857142855
2024-06-24 12:45:00,11608.9501953125,11617.0,11592.7001953125,11617.0,11617.0,3431,27.165532879818596,0.21428571428571427,0.42857142857142855
2024-06-24 13:00:00,11615.0,11624.9501953125,11598.2998046875,11619.849609375,11619.849609375,3622,26.938775510204085,0.2857142857142857,0.35714285714285715
2024-06-24 13:15:00,11619.900390625,11621.7998046875,11607.150390625,11609.0,11609.0,1980,27.346938775510207,0.2857142857142857,0.42857142857142855
2024-06-24 13:30:00,11609.0,11617.5,11600.849609375,11610.150390625,11610.150390625,4217,26.354875283446717,0.2857142857142857,0.35714285714285715
2024-06-24 13:45:00,11610.150390625,11617.5,11599.0498046875,11611.150390625,11611.150390625,3983,23.973922902494333,0.2857142857142857,0.2857142857142857
2024-06-24 14:00:00,11611.25,11613.0,11581.0,11600.099609375,11600.099609375,5852,22.61337868480726,0.2857142857142857,0.21428571428571427
2024-06-24 14:15:00,11600.0,11612.0,11594.25,11612.0,11612.0,6413,20.23242630385488,0.2857142857142857,0.2857142857142857
2024-06-24 14:30:00,11612.5,11615.0,11590.0,11601.9501953125,11601.9501953125,5035,17.454648526077097,0.35714285714285715,0.2857142857142857
2024-06-24 14:45:00,11601.099609375,11609.0,11595.2998046875,11598.0,11598.0,3913,14.393424036281179,0.35714285714285715,0.35714285714285715
2024-06-24 15:00:00,11599.5,11615.0,11578.0498046875,11614.900390625,11614.900390625,15042,12.607709750566894,0.35714285714285715,0.35714285714285715
2024-06-24 15:15:00,11615.0,11620.0,11599.9501953125,11619.900390625,11619.900390625,18777,10.226757369614514,0.35714285714285715,0.35714285714285715
2024-06-25 09:15:00,11626.2998046875,11732.599609375,11626.2998046875,11718.5,11718.5,21742,9.43310657596372,0.35714285714285715,0.35714285714285715
2024-06-25 09:30:00,11714.900390625,11736.2998046875,11689.0,11716.9501953125,11716.9501953125,17578,10.068027210884354,0.2857142857142857,0.42857142857142855
2024-06-25 09:45:00,11722.2001953125,11729.0,11680.0,11709.099609375,11709.099609375,11771,9.433106575963722,0.2857142857142857,0.35714285714285715
2024-06-25 10:00:00,11706.400390625,11709.9501953125,11681.0498046875,11695.7001953125,11695.7001953125,6267,8.480725623582767,0.2857142857142857,0.42857142857142855
2024-06-25 10:15:00,11700.0,11728.150390625,11686.0498046875,11723.0,11723.0,6982,9.115646258503403,0.2857142857142857,0.42857142857142855
2024-06-25 10:30:00,11725.0,11745.7998046875,11701.0,11718.25,11718.25,8664,7.687074829931974,0.35714285714285715,0.35714285714285715
2024-06-25 10:45:00,11715.25,11725.0,11704.9501953125,11708.0,11708.0,2677,7.542774685631829,0.35714285714285715,0.42857142857142855
2024-06-25 11:00:00,11708.0,11717.75,11680.0,11698.0,11698.0,7032,8.192125334982478,0.35714285714285715,0.42857142857142855
2024-06-25 11:15:00,11695.0,11695.0,11660.599609375,11666.099609375,11666.099609375,7700,7.821067821067821,0.35714285714285715,0.42857142857142855
2024-06-25 11:30:00,11664.0498046875,11709.0,11660.099609375,11687.0,11687.0,6232,8.470418470418469,0.42857142857142855,0.35714285714285715
2024-06-25 11:45:00,11688.0,11709.0,11681.150390625,11704.9501953125,11704.9501953125,2842,8.326118326118324,0.35714285714285715,0.42857142857142855
2024-06-25 12:00:00,11700.75,11704.9501953125,11680.0498046875,11683.7998046875,11683.7998046875,2736,8.326118326118324,0.35714285714285715,0.35714285714285715
2024-06-25 12:15:00,11677.599609375,11687.9501953125,11645.0,11647.4501953125,11647.4501953125,9023,9.119769119769119,0.2857142857142857,0.35714285714285715
2024-06-25 12:30:00,11645.0,11666.900390625,11645.0,11651.0,11651.0,4732,9.119769119769119,0.2857142857142857,0.2857142857142857
2024-06-25 12:45:00,11651.0,11659.650390625,11611.0,11634.900390625,11634.900390625,5632,10.140177283034424,0.21428571428571427,0.2857142857142857
2024-06-25 13:00:00,11633.0,11654.75,11625.0,11653.150390625,11653.150390625,3346,9.732014017728302,0.21428571428571427,0.2857142857142857
2024-06-25 13:15:00,11648.0498046875,11655.349609375,11630.0,11630.0,11630.0,3354,10.724077509791794,0.21428571428571427,0.35714285714285715
2024-06-25 13:30:00,11630.0,11638.400390625,11580.0,11594.099609375,11594.099609375,8296,10.31591424448567,0.21428571428571427,0.2857142857142857
2024-06-25 13:45:00,11595.0,11607.400390625,11588.5498046875,11595.099609375,11595.099609375,4677,11.94856730571016,0.14285714285714285,0.35714285714285715
2024-06-25 14:00:00,11595.75,11639.7998046875,11595.5498046875,11619.75,11619.75,5452,15.009791795506079,0.14285714285714285,0.35714285714285715
2024-06-25 14:15:00,11615.650390625,11618.0,11591.0,11610.0,11610.0,5960,16.74139352710781,0.14285714285714285,0.2857142857142857
2024-06-25 14:30:00,11610.0,11636.75,11604.0,11633.2001953125,11633.2001953125,4777,17.112451041022467,0.21428571428571427,0.2857142857142857
2024-06-25 14:45:00,11635.900390625,11647.0,11603.5,11626.0,11626.0,8397,16.46310039167182,0.2857142857142857,0.2857142857142857
2024-06-25 15:00:00,11625.9501953125,11698.0,11625.9501953125,11690.0,11690.0,26477,15.813749742321168,0.2857142857142857,0.2857142857142857
2024-06-25 15:15:00,11686.099609375,11710.0,11680.5,11684.25,11684.25,29387,15.164399092970521,0.2857142857142857,0.2857142857142857
2024-06-26 09:15:00,11689.9501953125,11720.900390625,11638.099609375,11667.2001953125,11667.2001953125,13216,15.958049886621314,0.35714285714285715,0.2857142857142857
2024-06-26 09:30:00,11663.349609375,11673.5498046875,11605.099609375,11650.0,11650.0,22297,15.958049886621314,0.35714285714285715,0.2857142857142857
2024-06-26 09:45:00,11646.150390625,11651.7001953125,11550.0,11550.0,11550.0,20610,16.751700680272105,0.35714285714285715,0.2857142857142857
2024-06-26 10:00:00,11550.0,11554.25,11477.0,11488.0,11488.0,28411,16.524943310657594,0.35714285714285715,0.2857142857142857
2024-06-26 10:15:00,11489.4501953125,11560.4501953125,11484.5498046875,11511.5,11511.5,14555,16.298185941043084,0.35714285714285715,0.2857142857142857
2024-06-26 10:30:00,11506.7998046875,11517.150390625,11465.0498046875,11508.0498046875,11508.0498046875,13198,16.298185941043084,0.35714285714285715,0.21428571428571427
2024-06-26 10:45:00,11508.0498046875,11570.0,11508.0498046875,11520.7998046875,11520.7998046875,11872,17.658730158730158,0.42857142857142855,0.21428571428571427
2024-06-26 11:00:00,11518.0,11535.349609375,11495.0,11495.75,11495.75,8663,18.168934240362812,0.42857142857142855,0.14285714285714285
2024-06-26 11:15:00,11495.75,11509.9501953125,11475.0,11501.349609375,11501.349609375,7840,18.168934240362812,0.35714285714285715,0.14285714285714285
2024-06-26 11:30:00,11497.7998046875,11517.599609375,11492.2001953125,11509.7998046875,11509.7998046875,5132,17.573696145124718,0.35714285714285715,0.21428571428571427
2024-06-26 11:45:00,11509.7998046875,11521.25,11490.0,11504.599609375,11504.599609375,4994,18.339002267573697,0.35714285714285715,0.21428571428571427
2024-06-26 12:00:00,11505.150390625,11532.0,11494.0498046875,11523.2001953125,11523.2001953125,5881,20.124716553287982,0.35714285714285715,0.21428571428571427
2024-06-26 12:15:00,11523.2001953125,11544.0,11523.2001953125,11543.0,11543.0,5054,20.124716553287982,0.2857142857142857,0.2857142857142857
2024-06-26 12:30:00,11540.7001953125,11574.0,11533.4501953125,11533.4501953125,11533.4501953125,9641,21.910430839002267,0.35714285714285715,0.21428571428571427
2024-06-26 12:45:00,11534.5,11542.0,11520.150390625,11528.7998046875,11528.7998046875,4765,22.13718820861678,0.2857142857142857,0.21428571428571427
2024-06-26 13:00:00,11528.7998046875,11537.150390625,11490.849609375,11491.400390625,11491.400390625,7473,22.363945578231295,0.2857142857142857,0.21428571428571427
2024-06-26 13:15:00,11491.25,11497.099609375,11480.2998046875,11481.75,11481.75,6679,22.59070294784581,0.2857142857142857,0.21428571428571427
2024-06-26 13:30:00,11481.2998046875,11505.849609375,11480.4501953125,11503.0,11503.0,5263,23.5827664399093,0.35714285714285715,0.21428571428571427
2024-06-26 13:45:00,11502.599609375,11509.9501953125,11481.0,11485.7001953125,11485.7001953125,9024,26.360544217687078,0.42857142857142855,0.14285714285714285
2024-06-26 14:00:00,11485.75,11489.0,11421.099609375,11426.5,11426.5,34462,28.146258503401363,0.42857142857142855,0.14285714285714285
2024-06-26 14:15:00,11426.0,11430.0,11400.349609375,11418.0,11418.0,14328,28.826530612244902,0.35714285714285715,0.14285714285714285
2024-06-26 14:30:00,11416.7001953125,11416.7001953125,11376.2001953125,11390.0,11390.0,13266,28.31632653061225,0.35714285714285715,0.14285714285714285
2024-06-26 14:45:00,11390.0,11420.0,11385.0,11394.4501953125,11394.4501953125,10511,27.040816326530614,0.35714285714285715,0.21428571428571427
2024-06-26 15:00:00,11394.0,11410.5498046875,11385.0,11402.150390625,11402.150390625,17180,28.31632653061225,0.35714285714285715,0.14285714285714285
2024-06-26 15:15:00,11404.7001953125,11415.0,11390.0,11398.0498046875,11398.0498046875,26160,27.55102040816327,0.2857142857142857,0.21428571428571427
2024-06-27 09:15:00,11397.150390625,11494.099609375,11380.0,11464.4501953125,11464.4501953125,13762,26.78571428571429,0.2857142857142857,0.21428571428571427
2024-06-27 09:30:00,11460.5,11477.7998046875,11430.0,11439.75,11439.75,13981,27.806122448979597,0.2857142857142857,0.21428571428571427
2024-06-27 09:45:00,11434.25,11460.099609375,11434.25,11438.5,11438.5,8649,27.040816326530614,0.21428571428571427,0.2857142857142857
2024-06-27 10:00:00,11438.0498046875,11489.0,11438.0498046875,11467.5498046875,11467.5498046875,10120,26.02040816326531,0.2857142857142857,0.2857142857142857
2024-06-27 10:15:00,11470.0,11539.9501953125,11457.7998046875,11538.900390625,11538.900390625,21605,25.793650793650794,0.35714285714285715,0.2857142857142857
2024-06-27 10:30:00,11535.349609375,11548.400390625,11502.349609375,11525.7001953125,11525.7001953125,14761,24.77324263038549,0.35714285714285715,0.35714285714285715
2024-06-27 10:45:00,11520.349609375,11583.650390625,11509.349609375,11560.0,11560.0,19524,22.987528344671205,0.35714285714285715,0.35714285714285715
2024-06-27 11:00:00,11559.9501953125,11580.0,11545.0498046875,11554.900390625,11554.900390625,13334,20.844671201814062,0.2857142857142857,0.42857142857142855
2024-06-27 11:15:00,11556.9501953125,11565.150390625,11518.7998046875,11526.5,11526.5,16709,18.70181405895692,0.2857142857142857,0.42857142857142855
2024-06-27 11:30:00,11525.9501953125,11567.5,11520.4501953125,11549.099609375,11549.099609375,6943,16.28994021851165,0.35714285714285715,0.42857142857142855
2024-06-27 11:45:00,11553.0,11565.400390625,11546.0,11555.650390625,11555.650390625,5179,14.419191919191919,0.35714285714285715,0.5
2024-06-27 12:00:00,11559.9501953125,11583.900390625,11554.900390625,11562.0498046875,11562.0498046875,10459,12.633477633477634,0.42857142857142855,0.42857142857142855
2024-06-27 12:15:00,11565.9501953125,11598.0,11549.0498046875,11560.9501953125,11560.9501953125,18990,10.121703693132265,0.5,0.42857142857142855
2024-06-27 12:30:00,11564.599609375,11614.900390625,11553.5498046875,11594.599609375,11594.599609375,22771,10.749647178218607,0.5714285714285714,0.35714285714285715
2024-06-27 12:45:00,11594.5,11599.7998046875,11577.400390625,11577.400390625,11577.400390625,12105,10.27868956440385,0.5,0.42857142857142855
2024-06-27 13:00:00,11578.400390625,11595.599609375,11578.400390625,11582.900390625,11582.900390625,8033,9.807731950589092,0.5,0.42857142857142855
2024-06-27 13:15:00,11588.0498046875,11599.849609375,11579.25,11591.349609375,11591.349609375,6894,10.435675435675435,0.5714285714285714,0.35714285714285715
2024-06-27 13:30:00,11591.349609375,11598.150390625,11578.0498046875,11588.0498046875,11588.0498046875,9918,11.626151626151625,0.5,0.35714285714285715
2024-06-27 13:45:00,11588.0498046875,11593.900390625,11577.400390625,11587.650390625,11587.650390625,8597,11.48185148185148,0.42857142857142855,0.35714285714285715
2024-06-27 14:00:00,11587.650390625,11608.0,11577.400390625,11607.0,11607.0,25804,13.42990342990343,0.5,0.2857142857142857
2024-06-27 14:15:00,11608.0,11641.099609375,11608.0,11623.7998046875,11623.7998046875,23415,15.377955377955377,0.5,0.2857142857142857
2024-06-27 14:30:00,11623.7998046875,11695.0,11593.5,11694.0,11694.0,52845,17.196137196137194,0.5714285714285714,0.21428571428571427
2024-06-27 14:45:00,11694.849609375,11715.5498046875,11690.0,11690.9501953125,11690.9501953125,25485,18.148518148518146,0.5714285714285714,0.2857142857142857
2024-06-27 15:00:00,11695.4501953125,11738.75,11690.0,11724.400390625,11724.400390625,126608,19.880119880119878,0.5714285714285714,0.2857142857142857
2024-06-27 15:15:00,11730.0,11947.0,11661.5,11670.0,11670.0,253280,22.26107226107226,0.6428571428571429,0.21428571428571427
2024-06-28 09:15:00,11721.650390625,11764.0,11663.099609375,11763.0,11763.0,15716,24.642024642024644,0.5714285714285714,0.2857142857142857
2024-06-28 09:30:00,11763.0,11774.0,11716.0,11766.599609375,11766.599609375,14351,25.28305028305028,0.5,0.35714285714285715
2024-06-28 09:45:00,11766.599609375,11775.0,11700.0,11703.9501953125,11703.9501953125,14341,24.825174825174827,0.5,0.35714285714285715
2024-06-28 10:00:00,11703.9501953125,11733.849609375,11675.0,11726.2001953125,11726.2001953125,12390,26.223776223776223,0.5,0.2857142857142857
2024-06-28 10:15:00,11726.2001953125,11726.2001953125,11681.0,11698.349609375,11698.349609375,6281,27.622377622377623,0.5,0.2857142857142857
2024-06-28 10:30:00,11698.349609375,11748.0,11694.900390625,11732.25,11732.25,5798,27.92207792207792,0.5,0.2857142857142857
2024-06-28 10:45:00,11732.7001953125,11745.0,11715.0,11744.9501953125,11744.9501953125,6552,27.922077922077925,0.5,0.35714285714285715
2024-06-28 11:00:00,11745.0498046875,11816.7998046875,11745.0498046875,11806.599609375,11806.599609375,18269,28.921078921078927,0.5714285714285714,0.35714285714285715
2024-06-28 11:15:00,11806.599609375,11834.099609375,11790.0,11810.75,11810.75,11505,27.522477522477523,0.5,0.42857142857142855
2024-06-28 11:30:00,11810.900390625,11845.2998046875,11800.0,11830.2001953125,11830.2001953125,7634,26.123876123876126,0.5,0.42857142857142855
2024-06-28 11:45:00,11826.349609375,11835.0,11792.0,11794.2998046875,11794.2998046875,6164,22.877122877122876,0.42857142857142855,0.42857142857142855
2024-06-28 12:00:00,11796.5498046875,11826.0,11790.5498046875,11819.150390625,11819.150390625,4075,21.145521145521148,0.42857142857142855,0.35714285714285715
2024-06-28 12:15:00,11819.0498046875,11825.0,11781.9501953125,11798.7001953125,11798.7001953125,5636,18.764568764568768,0.35714285714285715,0.35714285714285715
2024-06-28 12:30:00,11800.0,11808.0,11790.0,11799.2001953125,11799.2001953125,3692,16.621711621711622,0.2857142857142857,0.42857142857142855
2024-06-28 12:45:00,11803.0,11815.0,11778.0,11796.0,11796.0,6424,14.240759240759242,0.35714285714285715,0.35714285714285715
2024-06-28 13:00:00,11798.0,11826.0498046875,11791.0,11820.2001953125,11820.2001953125,6471,13.050283050283051,0.35714285714285715,0.35714285714285715
2024-06-28 13:15:00,11817.349609375,11843.099609375,11812.0498046875,11825.650390625,11825.650390625,8908,13.288378288378288,0.2857142857142857,0.42857142857142855
2024-06-28 13:30:00,11826.349609375,11898.0,11826.349609375,11892.25,11892.25,17037,11.98967698967699,0.35714285714285715,0.42857142857142855
2024-06-28 13:45:00,11889.9501953125,12140.0,11884.849609375,12103.75,12103.75,81893,10.69097569097569,0.42857142857142855,0.35714285714285715
2024-06-28 14:00:00,12101.5498046875,12145.25,12020.2998046875,12090.150390625,12090.150390625,43674,9.392274392274391,0.35714285714285715,0.42857142857142855
2024-06-28 14:15:00,12090.2001953125,12133.0,11986.0,11999.900390625,11999.900390625,49769,8.201798201798201,0.35714285714285715,0.35714285714285715
2024-06-28 14:30:00,11999.900390625,12002.25,11938.900390625,11973.9501953125,11973.9501953125,21665,7.347097347097347,0.2857142857142857,0.35714285714285715
2024-06-28 14:45:00,11975.0,12020.0,11964.349609375,11967.0498046875,11967.0498046875,18914,7.591297591297591,0.2857142857142857,0.35714285714285715
2024-06-28 15:00:00,11973.7998046875,12000.0,11943.25,11950.0,11950.0,41020,8.827561327561328,0.21428571428571427,0.35714285714285715
2024-06-28 15:15:00,11950.0,12000.0,11949.599609375,11971.2998046875,11971.2998046875,59690,11.208513708513708,0.21428571428571427,0.42857142857142855
2024-07-01 09:15:00,12102.5,12331.7998046875,12102.5,12242.900390625,12242.900390625,62314,11.987734487734487,0.2857142857142857,0.42857142857142855
2024-07-01 09:30:00,12238.25,12308.900390625,12170.150390625,12295.9501953125,12295.9501953125,43809,13.935786435786436,0.2857142857142857,0.5
2024-07-01 09:45:00,12307.0,12407.7998046875,12295.25,12379.650390625,12379.650390625,54357,14.455266955266955,0.2857142857142857,0.5
2024-07-01 10:00:00,12374.0,12400.0,12275.0,12308.5498046875,12308.5498046875,35315,17.312409812409815,0.21428571428571427,0.5
2024-07-01 10:15:00,12302.9501953125,12391.0498046875,12302.349609375,12378.900390625,12378.900390625,16757,20.169552669552672,0.21428571428571427,0.5
2024-07-01 10:30:00,12378.9501953125,12440.0,12342.849609375,12415.0498046875,12415.0498046875,31885,20.169552669552672,0.2857142857142857,0.42857142857142855
2024-07-01 10:45:00,12412.0,12465.0,12386.099609375,12417.0,12417.0,25815,22.377344877344882,0.21428571428571427,0.5
2024-07-01 11:00:00,12418.599609375,12427.25,12395.7001953125,12400.349609375,12400.349609375,9518,26.013708513708515,0.14285714285714285,0.5714285714285714
2024-07-01 11:15:00,12400.2998046875,12442.9501953125,12400.0,12429.599609375,12429.599609375,11154,28.221500721500725,0.21428571428571427,0.5
2024-07-01 11:30:00,12424.7001953125,12424.7001953125,12370.0498046875,12418.900390625,12418.900390625,16677,31.078643578643582,0.21428571428571427,0.5
2024-07-01 11:45:00,12427.25,12427.25,12385.0,12391.0,12391.0,7654,33.53174603174604,0.21428571428571427,0.5714285714285714
2024-07-01 12:00:00,12391.650390625,12425.0,12385.0,12390.0,12390.0,7646,35.595238095238095,0.21428571428571427,0.5
2024-07-01 12:15:00,12389.7001953125,12417.0,12386.0,12400.5498046875,12400.5498046875,5363,37.05627705627706,0.21428571428571427,0.5714285714285714
2024-07-01 12:30:00,12396.0,12434.0,12390.0,12416.5,12416.5,7222,36.62337662337662,0.2857142857142857,0.5
2024-07-01 12:45:00,12416.0,12416.849609375,12399.0,12405.0,12405.0,5597,38.441558441558435,0.21428571428571427,0.5714285714285714
2024-07-01 13:00:00,12405.0,12410.0,12381.849609375,12386.0498046875,12386.0498046875,9130,39.35064935064935,0.21428571428571427,0.5
2024-07-01 13:15:00,12386.0,12410.0,12383.0,12410.0,12410.0,5839,40.25974025974026,0.21428571428571427,0.5
2024-07-01 13:30:00,12410.0,12424.0,12403.900390625,12415.0,12415.0,6485,40.64935064935065,0.21428571428571427,0.5714285714285714
2024-07-01 13:45:00,12419.849609375,12445.0,12410.0,12414.7998046875,12414.7998046875,9741,39.74025974025974,0.2857142857142857,0.5
2024-07-01 14:00:00,12414.7998046875,12459.5,12410.2001953125,12432.2001953125,12432.2001953125,14000,40.25974025974027,0.2857142857142857,0.5
2024-07-01 14:15:00,12432.349609375,12455.0,12425.2998046875,12425.2998046875,12425.2998046875,9523,39.350649350649356,0.2857142857142857,0.5
2024-07-01 14:30:00,12429.0,12454.900390625,12425.2998046875,12436.099609375,12436.099609375,13039,36.493506493506494,0.2857142857142857,0.42857142857142855
2024-07-01 14:45:00,12436.9501953125,12487.650390625,12435.5,12442.0,12442.0,30709,35.064935064935064,0.2857142857142857,0.42857142857142855
2024-07-01 15:00:00,12441.9501953125,12464.0,12415.0,12460.150390625,12460.150390625,24468,33.63636363636364,0.2857142857142857,0.42857142857142855
2024-07-01 15:15:00,12460.0498046875,12473.75,12424.599609375,12440.0,12440.0,46424,30.389610389610393,0.35714285714285715,0.35714285714285715
2024-07-02 09:15:00,12524.5,12524.5,12351.400390625,12379.599609375,12379.599609375,39561,28.181818181818183,0.42857142857142855,0.35714285714285715
2024-07-02 09:30:00,12379.599609375,12442.5498046875,12333.0498046875,12382.75,12382.75,30970,26.363636363636367,0.42857142857142855,0.2857142857142857
2024-07-02 09:45:00,12382.75,12435.5498046875,12360.0,12435.5498046875,12435.5498046875,16070,24.415584415584416,0.35714285714285715,0.35714285714285715
2024-07-02 10:00:00,12435.0498046875,12471.0,12420.0,12465.099609375,12465.099609375,27315,21.16883116883117,0.35714285714285715,0.35714285714285715
2024-07-02 10:15:00,12469.900390625,12522.0,12450.0,12502.0,12502.0,31678,18.96103896103896,0.42857142857142855,0.35714285714285715
2024-07-02 10:30:00,12501.150390625,12522.0,12465.0,12498.0,12498.0,21554,16.753246753246753,0.42857142857142855,0.35714285714285715
2024-07-02 10:45:00,12497.0,12519.75,12476.599609375,12492.0,12492.0,12532,14.155844155844154,0.42857142857142855,0.35714285714285715
2024-07-02 11:00:00,12493.849609375,12520.0,12477.900390625,12504.0,12504.0,14635,12.857142857142858,0.35714285714285715,0.42857142857142855
2024-07-02 11:15:00,12499.900390625,12503.9501953125,12463.0,12476.650390625,12476.650390625,9349,12.337662337662337,0.2857142857142857,0.42857142857142855
2024-07-02 11:30:00,12478.5498046875,12480.9501953125,12413.349609375,12418.0,12418.0,13413,11.183261183261182,0.2857142857142857,0.35714285714285715
2024-07-02 11:45:00,12420.0,12433.4501953125,12389.2001953125,12397.0,12397.0,14848,10.548340548340548,0.2857142857142857,0.35714285714285715
2024-07-02 12:00:00,12397.0,12410.0,12355.0,12356.400390625,12356.400390625,10780,10.905483405483405,0.21428571428571427,0.35714285714285715
2024-07-02 12:15:00,12356.4501953125,12404.150390625,12350.0,12387.849609375,12387.849609375,10317,11.262626262626261,0.21428571428571427,0.35714285714285715
2024-07-02 12:30:00,12382.400390625,12390.0,12330.9501953125,12381.0,12381.0,10187,14.323850752422178,0.14285714285714285,0.35714285714285715
2024-07-02 12:45:00,12379.9501953125,12430.0498046875,12371.349609375,12384.599609375,12384.599609375,13305,18.77654091939806,0.07142857142857142,0.42857142857142855
2024-07-02 13:00:00,12389.599609375,12400.0,12355.7998046875,12393.7001953125,12393.7001953125,9729,22.45001030715316,0.07142857142857142,0.42857142857142855
2024-07-02 13:15:00,12393.599609375,12439.0,12381.0,12438.9501953125,12438.9501953125,9059,25.51123479694908,0.14285714285714285,0.35714285714285715
2024-07-02 13:30:00,12434.650390625,12498.0,12433.2998046875,12468.0,12468.0,16992,26.531642960214384,0.21428571428571427,0.2857142857142857
2024-07-02 13:45:00,12469.0,12495.0,12466.900390625,12481.5498046875,12481.5498046875,9166,28.94351680065966,0.14285714285714285,0.35714285714285715
2024-07-02 14:00:00,12475.75,12492.0,12472.7001953125,12488.9501953125,12488.9501953125,8130,31.355390641104922,0.14285714285714285,0.35714285714285715
2024-07-02 14:15:00,12484.099609375,12507.849609375,12484.099609375,12496.2001953125,12496.2001953125,11581,31.726448155019586,0.21428571428571427,0.2857142857142857
2024-07-02 14:30:00,12496.349609375,12500.0,12480.0,12495.0,12495.0,7699,31.077097505668938,0.21428571428571427,0.21428571428571427
2024-07-02 14:45:00,12495.0,12503.0,12485.099609375,12492.0,12492.0,10056,30.668934240362812,0.21428571428571427,0.2857142857142857
2024-07-02 15:00:00,12494.0,12522.0,12493.2998046875,12522.0,12522.0,38721,29.875283446712018,0.2857142857142857,0.2857142857142857
2024-07-02 15:15:00,12521.2001953125,12534.099609375,12492.599609375,12498.0,12498.0,41515,29.875283446712018,0.35714285714285715,0.2857142857142857
2024-07-03 09:15:00,12559.7001953125,12765.9501953125,12526.0,12748.599609375,12748.599609375,48637,29.51814058956916,0.42857142857142855,0.2857142857142857
2024-07-03 09:30:00,12742.0498046875,12824.0,12708.2001953125,12785.0,12785.0,55695,28.381776953205527,0.42857142857142855,0.35714285714285715
2024-07-03 09:45:00,12783.2998046875,12790.400390625,12714.0498046875,12733.9501953125,12733.9501953125,26542,25.320552463409605,0.42857142857142855,0.42857142857142855
2024-07-03 10:00:00,12733.9501953125,12795.0,12727.5,12794.7998046875,12794.7998046875,15696,20.21851164708308,0.42857142857142855,0.42857142857142855
2024-07-03 10:15:00,12790.5498046875,12844.0,12775.0,12811.099609375,12811.099609375,24368,15.665921380207095,0.5,0.42857142857142855
2024-07-03 10:30:00,12817.599609375,12839.0,12802.5498046875,12825.0,12825.0,11855,13.154147439861726,0.42857142857142855,0.5
2024-07-03 10:45:00,12825.0,12854.5,12819.9501953125,12838.2001953125,12838.2001953125,13681,13.782090924948067,0.35714285714285715,0.5714285714285714
2024-07-03 11:00:00,12841.150390625,12841.150390625,12784.599609375,12825.0498046875,12825.0498046875,16448,11.911342625628338,0.35714285714285715,0.5
2024-07-03 11:15:00,12825.099609375,12877.25,12801.2001953125,12835.9501953125,12835.9501953125,30408,8.850118135832421,0.42857142857142855,0.42857142857142855
2024-07-03 11:30:00,12830.849609375,12855.849609375,12759.849609375,12763.349609375,12763.349609375,18547,8.479060621917764,0.35714285714285715,0.42857142857142855
2024-07-03 11:45:00,12763.400390625,12780.0,12737.0,12772.599609375,12772.599609375,16700,9.128411271268414,0.35714285714285715,0.42857142857142855
2024-07-03 12:00:00,12767.0,12789.5,12748.5,12772.0,12772.0,6936,8.757353757353757,0.35714285714285715,0.42857142857142855
2024-07-03 12:15:00,12770.349609375,12784.599609375,12740.099609375,12741.75,12741.75,8928,10.185925185925186,0.2857142857142857,0.42857142857142855
2024-07-03 12:30:00,12741.75,12746.7998046875,12680.0,12687.150390625,12687.150390625,21046,11.773226773226773,0.21428571428571427,0.42857142857142855
2024-07-03 12:45:00,12692.150390625,12697.9501953125,12646.349609375,12667.0,12667.0,18137,13.916083916083917,0.14285714285714285,0.42857142857142855
2024-07-03 13:00:00,12667.0,12699.9501953125,12663.2001953125,12669.150390625,12669.150390625,10205,16.838161838161838,0.14285714285714285,0.42857142857142855
2024-07-03 13:15:00,12669.2001953125,12675.0,12633.099609375,12635.0,12635.0,10501,19.899386327957757,0.14285714285714285,0.35714285714285715
2024-07-03 13:30:00,12635.0,12646.7998046875,12631.2998046875,12635.400390625,12635.400390625,5696,22.280338708910136,0.14285714285714285,0.2857142857142857
2024-07-03 13:45:00,12633.849609375,12634.7998046875,12591.0,12598.0,12598.0,19052,26.016602445173874,0.07142857142857142,0.2857142857142857
2024-07-03 14:00:00,12600.0,12640.0,12596.849609375,12631.25,12631.25,11043,29.752866181437607,0.07142857142857142,0.2857142857142857
2024-07-03 14:15:00,12630.150390625,12639.0,12592.7001953125,12610.0,12610.0,10101,31.675943104514534,0.07142857142857142,0.21428571428571427
2024-07-03 14:30:00,12610.0,12616.0,12596.400390625,12600.5,12600.5,7856,34.771181199752625,0.07142857142857142,0.2857142857142857
2024-07-03 14:45:00,12600.4501953125,12634.7998046875,12595.7998046875,12612.400390625,12612.400390625,9747,39.05689548546691,0.07142857142857142,0.2857142857142857
2024-07-03 15:00:00,12619.150390625,12660.5,12610.599609375,12657.0498046875,12657.0498046875,17937,40.788497217068645,0.14285714285714285,0.2857142857142857
2024-07-03 15:15:00,12658.9501953125,12706.0,12625.099609375,12697.2998046875,12697.2998046875,26935,41.1595547309833,0.21428571428571427,0.2857142857142857
2024-07-04 09:15:00,12768.150390625,12839.0,12702.25,12812.0,12812.0,60254,41.53061224489796,0.2857142857142857,0.21428571428571427
2024-07-04 09:30:00,12809.099609375,12865.0,12798.25,12822.349609375,12822.349609375,22826,40.10204081632653,0.2857142857142857,0.2857142857142857
2024-07-04 09:45:00,12822.349609375,12857.849609375,12791.0498046875,12836.9501953125,12836.9501953125,17061,37.72108843537415,0.2857142857142857,0.2857142857142857
2024-07-04 10:00:00,12836.9501953125,12844.0,12800.0,12805.849609375,12805.849609375,8212,34.94331065759638,0.2857142857142857,0.35714285714285715
2024-07-04 10:15:00,12801.150390625,12827.9501953125,12740.150390625,12764.5498046875,12764.5498046875,16173,31.371882086167805,0.2857142857142857,0.2857142857142857
2024-07-04 10:30:00,12761.4501953125,12770.9501953125,12644.900390625,12668.0,12668.0,38822,28.310657596371886,0.2857142857142857,0.2857142857142857
2024-07-04 10:45:00,12671.900390625,12711.7001953125,12657.4501953125,12667.2998046875,12667.2998046875,13660,26.723356009070297,0.2857142857142857,0.35714285714285715
2024-07-04 11:00:00,12668.0498046875,12678.349609375,12610.0498046875,12616.2998046875,12616.2998046875,16574,23.231292517006807,0.2857142857142857,0.35714285714285715
2024-07-04 11:15:00,12613.349609375,12669.9501953125,12590.0,12657.2998046875,12657.2998046875,21323,18.945578231292522,0.2857142857142857,0.2857142857142857
2024-07-04 11:30:00,12652.349609375,12698.349609375,12630.7001953125,12693.900390625,12693.900390625,9870,16.167800453514744,0.2857142857142857,0.35714285714285715
2024-07-04 11:45:00,12690.0,12746.4501953125,12690.0,12724.099609375,12724.099609375,17150,12.67573696145125,0.2857142857142857,0.35714285714285715
2024-07-04 12:00:00,12724.2001953125,12740.0,12720.5,12725.25,12725.25,5423,10.770975056689347,0.21428571428571427,0.42857142857142855
2024-07-04 12:15:00,12726.0,12772.7998046875,12716.0,12745.0,12745.0,11090,10.770975056689347,0.21428571428571427,0.42857142857142855
2024-07-04 12:30:00,12745.0,12757.9501953125,12726.7001953125,12750.0,12750.0,4205,13.718820861678008,0.14285714285714285,0.5
2024-07-04 12:45:00,12750.0,12757.849609375,12696.0,12711.7001953125,12711.7001953125,9534,18.05555555555556,0.07142857142857142,0.5
2024-07-04 13:00:00,12711.7001953125,12736.0,12700.0,12700.0,12700.0,6594,23.412698412698415,0.07142857142857142,0.5
2024-07-04 13:15:00,12698.0,12698.0,12680.0,12694.4501953125,12694.4501953125,6836,28.769841269841272,0.07142857142857142,0.5
2024-07-04 13:30:00,12690.0,12695.0,12651.0498046875,12688.0,12688.0,14100,33.078231292517,0.07142857142857142,0.42857142857142855
2024-07-04 13:45:00,12688.849609375,12695.0,12660.099609375,12675.650390625,12675.650390625,29777,38.435374149659864,0.07142857142857142,0.5
2024-07-04 14:00:00,12675.650390625,12677.900390625,12663.25,12666.7001953125,12666.7001953125,5516,43.99092970521542,0.07142857142857142,0.5714285714285714
2024-07-04 14:15:00,12669.9501953125,12669.9501953125,12591.0,12609.0,12609.0,58895,48.554421768707485,0.07142857142857142,0.5
2024-07-04 14:30:00,12603.349609375,12685.0,12602.0,12660.099609375,12660.099609375,13664,51.72902494331066,0.14285714285714285,0.5
2024-07-04 14:45:00,12657.900390625,12673.5,12648.75,12652.0,12652.0,10369,56.01473922902495,0.14285714285714285,0.5714285714285714
2024-07-04 15:00:00,12648.9501953125,12664.7001953125,12645.0,12659.150390625,12659.150390625,8807,59.18934240362812,0.14285714285714285,0.5
2024-07-04 15:15:00,12657.150390625,12668.0,12650.0,12655.0,12655.0,28205,62.36394557823129,0.14285714285714285,0.5
2024-07-05 09:15:00,12666.650390625,12707.4501953125,12572.0,12579.5,12579.5,24645,62.36394557823129,0.21428571428571427,0.42857142857142855
2024-07-05 09:30:00,12585.150390625,12600.0498046875,12538.099609375,12573.0,12573.0,22336,63.554421768707485,0.14285714285714285,0.42857142857142855
2024-07-05 09:45:00,12572.150390625,12584.4501953125,12530.0,12553.849609375,12553.849609375,12532,62.64739229024944,0.14285714285714285,0.35714285714285715
2024-07-05 10:00:00,12556.4501953125,12601.599609375,12553.5498046875,12580.0,12580.0,13175,60.86167800453514,0.14285714285714285,0.42857142857142855
2024-07-05 10:15:00,12579.7001953125,12612.0,12579.0498046875,12599.349609375,12599.349609375,11806,59.07596371882086,0.14285714285714285,0.42857142857142855
2024-07-05 10:30:00,12596.900390625,12604.0,12573.5498046875,12595.0498046875,12595.0498046875,6280,57.29024943310658,0.14285714285714285,0.42857142857142855
2024-07-05 10:45:00,12597.2001953125,12603.0,12550.0,12554.349609375,12554.349609375,12311,55.75963718820862,0.14285714285714285,0.42857142857142855
2024-07-05 11:00:00,12554.2001953125,12560.7001953125,12525.0,12525.0,12525.0,12320,53.463718820861686,0.14285714285714285,0.35714285714285715
2024-07-05 11:15:00,12525.0,12539.5498046875,12490.9501953125,12520.0498046875,12520.0498046875,15168,50.2891156462585,0.14285714285714285,0.2857142857142857
2024-07-05 11:30:00,12520.0498046875,12556.75,12511.0,12543.5498046875,12543.5498046875,8630,47.993197278911566,0.14285714285714285,0.35714285714285715
2024-07-05 11:45:00,12543.5,12546.099609375,12507.099609375,12517.2998046875,12517.2998046875,10139,48.78684807256236,0.07142857142857142,0.35714285714285715
2024-07-05 12:00:00,12510.0498046875,12553.4501953125,12508.349609375,12513.4501953125,12513.4501953125,8690,46.88208616780046,0.14285714285714285,0.2857142857142857
2024-07-05 12:15:00,12513.599609375,12543.900390625,12506.0,12530.7001953125,12530.7001953125,8376,45.29478458049886,0.14285714285714285,0.2857142857142857
2024-07-05 12:30:00,12530.0,12533.2001953125,12510.0,12511.400390625,12511.400390625,5268,43.70748299319728,0.14285714285714285,0.2857142857142857
2024-07-05 12:45:00,12512.099609375,12527.0498046875,12507.0,12511.7998046875,12511.7998046875,5818,45.61224489795918,0.07142857142857142,0.2857142857142857
2024-07-05 13:00:00,12511.7998046875,12523.2001953125,12500.0,12501.0,12501.0,7531,46.326530612244895,0.07142857142857142,0.2857142857142857
2024-07-05 13:15:00,12501.0,12526.0498046875,12500.0,12503.0,12503.0,6288,45.64625850340136,0.14285714285714285,0.2857142857142857
2024-07-05 13:30:00,12505.900390625,12515.7998046875,12502.0,12504.0,12504.0,8706,44.455782312925166,0.14285714285714285,0.2857142857142857
2024-07-05 13:45:00,12504.0498046875,12504.0498046875,12462.9501953125,12463.9501953125,12463.9501953125,12089,42.31292517006802,0.14285714285714285,0.21428571428571427
2024-07-05 14:00:00,12463.9501953125,12479.7998046875,12445.900390625,12455.0,12455.0,14800,40.17006802721088,0.14285714285714285,0.21428571428571427
2024-07-05 14:15:00,12455.0,12473.9501953125,12420.0,12465.5498046875,12465.5498046875,14330,38.027210884353735,0.14285714285714285,0.21428571428571427
2024-07-05 14:30:00,12466.0,12494.900390625,12461.5498046875,12470.400390625,12470.400390625,12178,37.3469387755102,0.14285714285714285,0.2857142857142857
2024-07-05 14:45:00,12474.150390625,12477.5498046875,12451.0,12473.400390625,12473.400390625,12008,37.3469387755102,0.14285714285714285,0.2857142857142857
2024-07-05 15:00:00,12474.0498046875,12526.2001953125,12473.5498046875,12500.0,12500.0,30429,34.285714285714285,0.21428571428571427,0.21428571428571427
2024-07-05 15:15:00,12500.0,12521.4501953125,12488.400390625,12505.9501953125,12505.9501953125,19022,30.54421768707483,0.21428571428571427,0.2857142857142857
