Buy Time,Buy Price,Win/Loss,Sell Time,Sell Price,Profit/Loss,Ticker
2024-06-14 10:15:00,63.22999954223633,Loss,2024-06-14 11:15:00,63.18000030517578,-0.049999237060546875,LOTUSEYE.NS
2024-06-19 10:15:00,62.65999984741211,Loss,2024-06-19 11:15:00,62.34000015258789,-0.31999969482421875,LOTUSEYE.NS
2024-06-25 11:15:00,61.970001220703125,Loss,2024-06-25 12:15:00,61.59000015258789,-0.3800010681152344,LOTUSEYE.NS
2024-07-03 15:15:00,58.88999938964844,Loss,2024-07-04 12:15:00,58.79999923706055,-0.09000015258789062,LOTUSEYE.NS
2024-07-11 14:30:00,59.09000015258789,,,,,LOTUSEYE.NS
2024-06-18 10:15:00,364.0,Win,2024-06-21 13:15:00,409.0,45.0,CAREERP.NS
2024-06-24 10:15:00,403.04998779296875,Loss,2024-06-26 13:15:00,402.29998779296875,-0.75,CAREERP.NS
2024-07-03 11:15:00,395.1000061035156,Loss,2024-07-03 14:15:00,394.3999938964844,-0.70001220703125,CAREERP.NS
2024-07-04 10:00:00,395.95001220703125,Loss,2024-07-04 11:15:00,393.95001220703125,-2.0,CAREERP.NS
2024-07-08 12:15:00,404.20001220703125,Loss,2024-07-09 12:15:00,402.8500061035156,-1.350006103515625,CAREERP.NS
2024-07-11 13:15:00,397.75,Win,2024-07-12 11:15:00,428.29998779296875,30.54998779296875,CAREERP.NS
2024-06-19 11:15:00,409.1000061035156,Win,2024-06-19 12:15:00,410.1000061035156,1.0,ONWARDTEC.NS
2024-07-01 10:15:00,408.25,Win,2024-07-02 12:15:00,427.1499938964844,18.899993896484375,ONWARDTEC.NS
2024-07-02 14:15:00,428.6499938964844,Loss,2024-07-03 10:15:00,417.8999938964844,-10.75,ONWARDTEC.NS
2024-07-04 10:00:00,423.20001220703125,Loss,2024-07-05 15:15:00,419.6499938964844,-3.550018310546875,ONWARDTEC.NS
2024-07-08 13:45:00,418.5,Win,2024-07-09 10:15:00,419.79998779296875,1.29998779296875,ONWARDTEC.NS
2024-07-10 12:15:00,419.6499938964844,Loss,2024-07-10 13:15:00,417.95001220703125,-1.699981689453125,ONWARDTEC.NS
2024-07-12 10:15:00,418.6499938964844,,,,,ONWARDTEC.NS
2024-06-13 14:00:00,369.5899963378906,Loss,2024-06-13 15:15:00,368.95001220703125,-0.639984130859375,AXISTECETF.NS
2024-06-18 10:15:00,368.45001220703125,Loss,2024-06-18 14:15:00,368.0,-0.45001220703125,AXISTECETF.NS
2024-06-19 12:15:00,368.5799865722656,Win,2024-06-21 13:15:00,374.0,5.420013427734375,AXISTECETF.NS
2024-06-21 14:00:00,373.0400085449219,Loss,2024-06-21 14:15:00,372.2699890136719,-0.77001953125,AXISTECETF.NS
2024-06-24 10:15:00,372.1199951171875,Loss,2024-06-24 14:15:00,371.44000244140625,-0.67999267578125,AXISTECETF.NS
2024-06-25 11:15:00,373.0,Win,2024-06-26 10:15:00,375.75,2.75,AXISTECETF.NS
2024-06-26 11:00:00,375.510009765625,Win,2024-06-26 11:15:00,376.0199890136719,0.509979248046875,AXISTECETF.NS
2024-06-27 10:15:00,374.1300048828125,Win,2024-07-04 13:15:00,399.5400085449219,25.410003662109375,AXISTECETF.NS
2024-07-04 14:15:00,399.54998779296875,Loss,2024-07-10 10:15:00,395.20001220703125,-4.3499755859375,AXISTECETF.NS
2024-07-12 10:15:00,404.8299865722656,,,,,AXISTECETF.NS
2024-06-14 13:15:00,2400.0,Loss,2024-06-14 15:15:00,2399.85009765625,-0.14990234375,NGLFINE.NS
2024-06-18 14:15:00,2400.10009765625,Loss,2024-06-19 10:15:00,2390.39990234375,-9.7001953125,NGLFINE.NS
2024-06-19 11:00:00,2395.0,Win,2024-06-19 11:15:00,2400.0,5.0,NGLFINE.NS
2024-06-19 13:30:00,2419.64990234375,Loss,2024-06-19 14:15:00,2390.0,-29.64990234375,NGLFINE.NS
2024-06-24 10:15:00,2375.449951171875,Loss,2024-06-24 11:15:00,2371.699951171875,-3.75,NGLFINE.NS
2024-06-24 12:15:00,2378.75,Win,2024-06-25 11:15:00,2439.800048828125,61.050048828125,NGLFINE.NS
2024-06-26 11:00:00,2402.39990234375,Loss,2024-06-26 15:15:00,2387.35009765625,-15.0498046875,NGLFINE.NS
2024-07-03 13:30:00,2382.0,Win,2024-07-04 13:15:00,2384.39990234375,2.39990234375,NGLFINE.NS
2024-07-04 14:00:00,2385.0,Win,2024-07-08 10:15:00,2421.35009765625,36.35009765625,NGLFINE.NS
2024-07-09 13:15:00,2448.0,Loss,2024-07-09 15:15:00,2420.050048828125,-27.949951171875,NGLFINE.NS
2024-07-10 13:15:00,2405.14990234375,Loss,2024-07-11 11:15:00,2397.89990234375,-7.25,NGLFINE.NS
2024-07-12 10:15:00,2602.85009765625,,,,,NGLFINE.NS
2024-06-25 12:15:00,12.34000015258789,Loss,2024-06-25 13:15:00,12.140000343322754,-0.19999980926513672,PILITA.NS
2024-06-27 09:30:00,12.4399995803833,Loss,2024-06-27 11:15:00,12.15999984741211,-0.2799997329711914,PILITA.NS
2024-07-12 11:45:00,12.369999885559082,,,,,PILITA.NS
2024-06-20 10:15:00,571.9000244140625,Win,2024-06-21 12:15:00,614.5499877929688,42.64996337890625,SONATSOFTW.NS
2024-06-21 14:45:00,615.0499877929688,Loss,2024-06-21 15:15:00,602.2000122070312,-12.8499755859375,SONATSOFTW.NS
2024-06-27 12:15:00,602.6500244140625,Loss,2024-06-27 15:15:00,588.0,-14.6500244140625,SONATSOFTW.NS
2024-06-28 13:15:00,597.7000122070312,Loss,2024-06-28 15:15:00,591.8499755859375,-5.85003662109375,SONATSOFTW.NS
2024-07-01 10:15:00,608.5,Win,2024-07-03 11:15:00,633.5999755859375,25.0999755859375,SONATSOFTW.NS
2024-07-04 10:15:00,645.0,Loss,2024-07-05 10:15:00,642.25,-2.75,SONATSOFTW.NS
2024-07-08 14:45:00,630.5999755859375,Win,2024-07-09 14:15:00,631.0999755859375,0.5,SONATSOFTW.NS
2024-07-12 11:00:00,639.5499877929688,,,,,SONATSOFTW.NS
2024-06-13 15:15:00,32.61000061035156,Win,2024-06-14 14:15:00,33.86000061035156,1.25,PROZONER.NS
2024-06-20 11:15:00,33.040000915527344,Loss,2024-06-21 09:15:00,32.970001220703125,-0.06999969482421875,PROZONER.NS
2024-06-24 10:15:00,32.84000015258789,Loss,2024-06-24 11:15:00,32.77000045776367,-0.06999969482421875,PROZONER.NS
2024-07-12 10:15:00,32.0099983215332,,,,,PROZONER.NS
2024-06-14 10:15:00,34.540000915527344,Loss,2024-06-14 12:15:00,34.31999969482422,-0.220001220703125,MUKKA.NS
2024-06-14 13:15:00,34.45000076293945,Loss,2024-06-14 14:15:00,34.31999969482422,-0.13000106811523438,MUKKA.NS
2024-06-18 11:15:00,34.400001525878906,Loss,2024-06-18 12:15:00,34.310001373291016,-0.09000015258789062,MUKKA.NS
2024-06-24 13:15:00,36.15999984741211,Loss,2024-06-25 11:15:00,35.93000030517578,-0.22999954223632812,MUKKA.NS
2024-06-26 11:15:00,35.54999923706055,Win,2024-06-27 13:15:00,35.959999084472656,0.4099998474121094,MUKKA.NS
2024-07-12 12:15:00,40.08000183105469,,,,,MUKKA.NS
2024-06-14 10:15:00,262.6499938964844,Loss,2024-06-14 13:15:00,259.6099853515625,-3.040008544921875,MEGASTAR.NS
2024-06-14 14:00:00,260.92999267578125,Loss,2024-06-18 12:15:00,258.4599914550781,-2.470001220703125,MEGASTAR.NS
2024-06-19 14:00:00,259.989990234375,Loss,2024-06-19 14:15:00,259.4800109863281,-0.509979248046875,MEGASTAR.NS
2024-06-28 11:15:00,246.86000061035156,Win,2024-07-02 14:15:00,251.3000030517578,4.44000244140625,MEGASTAR.NS
2024-07-02 14:30:00,251.9499969482422,Loss,2024-07-02 15:15:00,250.0500030517578,-1.899993896484375,MEGASTAR.NS
2024-07-03 10:30:00,253.5500030517578,Win,2024-07-05 11:15:00,261.1499938964844,7.5999908447265625,MEGASTAR.NS
2024-07-05 14:15:00,260.6499938964844,Loss,2024-07-08 11:15:00,257.1000061035156,-3.54998779296875,MEGASTAR.NS
2024-07-08 13:15:00,260.79998779296875,Win,2024-07-11 10:15:00,276.6499938964844,15.850006103515625,MEGASTAR.NS
2024-07-11 10:45:00,278.6000061035156,Loss,2024-07-11 12:15:00,278.0,-0.600006103515625,MEGASTAR.NS
2024-07-11 14:15:00,279.79998779296875,,,,,MEGASTAR.NS
2024-06-18 11:00:00,318.70001220703125,Loss,2024-06-18 12:15:00,313.25,-5.45001220703125,ITI.NS
2024-06-20 10:15:00,309.70001220703125,Loss,2024-06-20 13:15:00,308.25,-1.45001220703125,ITI.NS
2024-06-24 10:15:00,307.54998779296875,Win,2024-06-24 14:15:00,313.20001220703125,5.6500244140625,ITI.NS
2024-06-25 10:45:00,312.95001220703125,Loss,2024-06-25 11:15:00,310.1499938964844,-2.800018310546875,ITI.NS
2024-06-27 10:15:00,322.0,Loss,2024-06-27 11:15:00,313.3500061035156,-8.649993896484375,ITI.NS
2024-07-02 15:15:00,310.0,Win,2024-07-03 13:15:00,310.1499938964844,0.149993896484375,ITI.NS
2024-07-04 11:45:00,310.54998779296875,Loss,2024-07-04 13:15:00,309.75,-0.79998779296875,ITI.NS
2024-07-05 10:15:00,310.3999938964844,Win,2024-07-05 13:15:00,311.3500061035156,0.95001220703125,ITI.NS
2024-07-08 10:15:00,315.8999938964844,Loss,2024-07-08 11:15:00,313.79998779296875,-2.100006103515625,ITI.NS
2024-07-08 14:15:00,313.95001220703125,Loss,2024-07-09 10:15:00,311.29998779296875,-2.6500244140625,ITI.NS
2024-07-12 10:15:00,313.1499938964844,Loss,2024-07-12 11:15:00,311.1000061035156,-2.04998779296875,ITI.NS
2024-07-12 13:15:00,331.20001220703125,Loss,2024-07-12 15:15:00,319.3999938964844,-11.800018310546875,ITI.NS
2024-06-21 09:30:00,798.5999755859375,Loss,2024-06-21 10:15:00,794.9500122070312,-3.64996337890625,WEALTH.NS
2024-06-24 10:30:00,824.0,Win,2024-06-24 15:15:00,834.0999755859375,10.0999755859375,WEALTH.NS
2024-06-27 12:15:00,806.4500122070312,Win,2024-06-28 09:15:00,816.75,10.29998779296875,WEALTH.NS
2024-07-01 11:15:00,811.8499755859375,Loss,2024-07-02 09:15:00,797.0,-14.8499755859375,WEALTH.NS
2024-07-04 10:15:00,804.0,Loss,2024-07-04 11:15:00,785.3499755859375,-18.6500244140625,WEALTH.NS
2024-07-05 15:00:00,800.2999877929688,Loss,2024-07-08 12:15:00,795.0999755859375,-5.20001220703125,WEALTH.NS
2024-07-08 12:45:00,799.5499877929688,Win,2024-07-09 10:15:00,830.0,30.45001220703125,WEALTH.NS
2024-07-09 13:30:00,829.0,Loss,2024-07-10 10:15:00,821.1500244140625,-7.8499755859375,WEALTH.NS
2024-07-10 14:15:00,822.0,Win,2024-07-11 10:15:00,832.1500244140625,10.1500244140625,WEALTH.NS
2024-07-11 11:15:00,836.0,Loss,2024-07-12 15:15:00,830.0,-6.0,WEALTH.NS
2024-06-13 15:00:00,24.579999923706055,Win,2024-06-14 09:15:00,24.81999969482422,0.23999977111816406,LAL.NS
2024-07-05 13:15:00,22.899999618530273,Win,2024-07-08 10:15:00,24.8700008392334,1.970001220703125,LAL.NS
2024-07-09 14:15:00,25.040000915527344,Loss,2024-07-10 13:15:00,24.989999771118164,-0.05000114440917969,LAL.NS
2024-07-11 10:00:00,25.09000015258789,,,,,LAL.NS
2024-06-14 09:45:00,219.5,Loss,2024-06-14 11:15:00,219.0,-0.5,HITECHCORP.NS
2024-06-21 10:15:00,218.50999450683594,Win,2024-06-24 15:15:00,229.3699951171875,10.860000610351562,HITECHCORP.NS
2024-06-25 10:45:00,239.89999389648438,Loss,2024-06-25 12:15:00,232.77999877929688,-7.1199951171875,HITECHCORP.NS
2024-07-01 12:15:00,228.0500030517578,Win,2024-07-03 10:15:00,231.8000030517578,3.75,HITECHCORP.NS
2024-07-03 11:00:00,232.4600067138672,Loss,2024-07-03 14:15:00,232.14999389648438,-0.3100128173828125,HITECHCORP.NS
2024-07-03 14:30:00,233.99000549316406,Loss,2024-07-08 11:15:00,233.11000061035156,-0.8800048828125,HITECHCORP.NS
2024-07-10 13:15:00,235.0,Loss,2024-07-11 11:15:00,233.32000732421875,-1.67999267578125,HITECHCORP.NS
2024-07-11 14:15:00,237.1199951171875,,,,,HITECHCORP.NS
2024-06-13 11:15:00,1145.449951171875,Win,2024-06-19 10:15:00,1157.1500244140625,11.7000732421875,KSOLVES.NS
2024-06-20 11:15:00,1171.0,Win,2024-06-24 12:15:00,1188.8499755859375,17.8499755859375,KSOLVES.NS
2024-06-24 12:45:00,1192.050048828125,Loss,2024-06-24 13:15:00,1185.0,-7.050048828125,KSOLVES.NS
2024-07-05 15:15:00,1163.5999755859375,Win,2024-07-08 10:15:00,1168.449951171875,4.8499755859375,KSOLVES.NS
2024-07-12 12:15:00,1216.0,,,,,KSOLVES.NS
2024-06-21 11:45:00,121.27999877929688,Loss,2024-06-21 15:15:00,120.5,-0.779998779296875,XCHANGING.NS
2024-06-24 10:30:00,122.37000274658203,Loss,2024-06-24 12:15:00,121.33000183105469,-1.0400009155273438,XCHANGING.NS
2024-06-25 11:15:00,120.7300033569336,Loss,2024-06-25 12:15:00,120.0999984741211,-0.6300048828125,XCHANGING.NS
2024-06-28 14:15:00,119.5199966430664,Win,2024-07-01 13:15:00,124.80000305175781,5.280006408691406,XCHANGING.NS
2024-07-02 14:15:00,127.26000213623047,Loss,2024-07-03 10:15:00,126.52999877929688,-0.7300033569335938,XCHANGING.NS
2024-07-05 12:30:00,124.3499984741211,Loss,2024-07-05 13:15:00,123.66000366210938,-0.6899948120117188,XCHANGING.NS
2024-07-05 15:15:00,124.22000122070312,Loss,2024-07-08 09:15:00,122.5,-1.720001220703125,XCHANGING.NS
2024-07-10 13:30:00,123.04000091552734,Win,2024-07-11 10:15:00,123.55000305175781,0.5100021362304688,XCHANGING.NS
2024-07-11 11:15:00,123.6500015258789,,,,,XCHANGING.NS
2024-06-13 11:15:00,31.979999542236328,Win,2024-06-14 15:15:00,33.400001525878906,1.4200019836425781,HARDWYN.NS
2024-06-18 15:15:00,33.91999816894531,Loss,2024-06-19 10:15:00,33.04999923706055,-0.8699989318847656,HARDWYN.NS
2024-06-26 12:15:00,32.13999938964844,Loss,2024-06-26 13:15:00,31.709999084472656,-0.43000030517578125,HARDWYN.NS
2024-07-11 15:15:00,31.649999618530273,Loss,2024-07-12 10:15:00,31.360000610351562,-0.28999900817871094,HARDWYN.NS
2024-06-14 11:15:00,864.9500122070312,Loss,2024-06-14 14:15:00,864.2999877929688,-0.6500244140625,GLS.NS
2024-06-27 09:30:00,842.5,Loss,2024-06-27 11:15:00,838.5999755859375,-3.9000244140625,GLS.NS
2024-06-28 10:15:00,843.5499877929688,Win,2024-07-01 11:15:00,875.5499877929688,32.0,GLS.NS
2024-07-01 13:15:00,880.75,Win,2024-07-02 11:15:00,886.0,5.25,GLS.NS
2024-07-02 15:15:00,884.75,Win,2024-07-04 10:15:00,911.8499755859375,27.0999755859375,GLS.NS
2024-07-04 12:15:00,919.5499877929688,Loss,2024-07-04 13:15:00,915.5999755859375,-3.95001220703125,GLS.NS
2024-07-05 12:00:00,912.7000122070312,Loss,2024-07-05 14:15:00,909.4000244140625,-3.29998779296875,GLS.NS
2024-07-08 10:30:00,913.5999755859375,Loss,2024-07-08 12:15:00,901.0999755859375,-12.5,GLS.NS
2024-06-13 13:15:00,41.26799774169922,Win,2024-06-14 12:15:00,43.060001373291016,1.7920036315917969,KAMOPAINTS.NS
2024-06-20 11:00:00,40.66999816894531,Loss,2024-06-21 09:15:00,39.72999954223633,-0.9399986267089844,KAMOPAINTS.NS
2024-06-24 14:15:00,39.58000183105469,Win,2024-06-27 10:15:00,40.75,1.1699981689453125,KAMOPAINTS.NS
2024-06-27 12:45:00,41.45000076293945,Loss,2024-06-27 15:15:00,40.689998626708984,-0.7600021362304688,KAMOPAINTS.NS
2024-07-01 10:15:00,40.9900016784668,Win,2024-07-02 10:15:00,41.400001525878906,0.4099998474121094,KAMOPAINTS.NS
2024-07-02 11:15:00,41.849998474121094,Loss,2024-07-03 12:15:00,41.7599983215332,-0.09000015258789062,KAMOPAINTS.NS
2024-07-12 14:15:00,40.599998474121094,,,,,KAMOPAINTS.NS
2024-06-14 14:15:00,1864.4000244140625,Win,2024-06-19 10:15:00,1892.800048828125,28.4000244140625,VINATIORGA.NS
2024-06-19 12:15:00,1931.9000244140625,Loss,2024-06-19 15:15:00,1913.949951171875,-17.9500732421875,VINATIORGA.NS
2024-06-20 10:30:00,1930.25,Loss,2024-06-21 13:15:00,1916.8499755859375,-13.4000244140625,VINATIORGA.NS
2024-06-24 13:15:00,1921.0,Win,2024-06-25 10:15:00,1951.0,30.0,VINATIORGA.NS
2024-06-25 10:45:00,1955.4000244140625,Loss,2024-06-26 10:15:00,1951.5,-3.9000244140625,VINATIORGA.NS
2024-06-26 13:30:00,1956.1500244140625,Loss,2024-06-27 14:15:00,1937.5,-18.6500244140625,VINATIORGA.NS
2024-07-02 13:45:00,1928.0,Win,2024-07-03 10:15:00,1930.0,2.0,VINATIORGA.NS
2024-07-04 11:15:00,1940.0,Loss,2024-07-05 12:15:00,1940.0,0.0,VINATIORGA.NS
2024-07-05 15:15:00,1940.0,Loss,2024-07-08 09:15:00,1935.1500244140625,-4.8499755859375,VINATIORGA.NS
2024-07-10 13:15:00,1920.25,Loss,2024-07-10 14:15:00,1912.1500244140625,-8.0999755859375,VINATIORGA.NS
2024-07-11 11:15:00,1917.0,Win,2024-07-11 12:15:00,1923.75,6.75,VINATIORGA.NS
2024-07-12 11:00:00,1920.0,Loss,2024-07-12 12:15:00,1915.300048828125,-4.699951171875,VINATIORGA.NS
2024-06-21 10:45:00,1329.9000244140625,Win,2024-06-21 12:15:00,1330.0,0.0999755859375,PIXTRANS.NS
2024-06-24 14:15:00,1344.0999755859375,Win,2024-06-26 12:15:00,1467.050048828125,122.9500732421875,PIXTRANS.NS
2024-07-02 11:15:00,1412.0999755859375,Loss,2024-07-02 13:15:00,1384.699951171875,-27.4000244140625,PIXTRANS.NS
2024-07-05 10:15:00,1390.050048828125,Win,2024-07-08 12:15:00,1425.5999755859375,35.5499267578125,PIXTRANS.NS
2024-07-11 12:30:00,1406.5,Win,2024-07-12 11:15:00,1476.699951171875,70.199951171875,PIXTRANS.NS
2024-06-25 13:00:00,540.25,Win,2024-06-27 10:15:00,582.0499877929688,41.79998779296875,SBCL.NS
2024-06-27 11:15:00,584.9500122070312,Loss,2024-06-27 13:15:00,581.5999755859375,-3.35003662109375,SBCL.NS
2024-06-28 11:15:00,583.4000244140625,Loss,2024-06-28 12:15:00,580.0,-3.4000244140625,SBCL.NS
2024-06-28 14:15:00,582.0499877929688,Win,2024-07-03 15:15:00,603.8499755859375,21.79998779296875,SBCL.NS
2024-07-04 12:15:00,608.0499877929688,Loss,2024-07-04 13:15:00,604.9500122070312,-3.0999755859375,SBCL.NS
2024-07-08 13:15:00,603.9000244140625,Win,2024-07-10 10:15:00,606.7000122070312,2.79998779296875,SBCL.NS
2024-07-10 14:30:00,615.9500122070312,Win,2024-07-12 14:15:00,659.5499877929688,43.5999755859375,SBCL.NS
2024-06-13 12:15:00,159.16000366210938,Loss,2024-06-13 15:15:00,159.0,-0.160003662109375,MON100.NS
2024-06-14 12:00:00,159.60000610351562,Loss,2024-06-14 15:15:00,159.3000030517578,-0.3000030517578125,MON100.NS
2024-06-18 10:15:00,161.6999969482422,Win,2024-06-19 10:15:00,162.10000610351562,0.4000091552734375,MON100.NS
2024-06-19 13:30:00,162.47999572753906,Loss,2024-06-21 11:15:00,161.89999389648438,-0.5800018310546875,MON100.NS
2024-06-26 10:15:00,161.58999633789062,Win,2024-07-01 10:15:00,162.3800048828125,0.790008544921875,MON100.NS
2024-07-01 11:00:00,162.47999572753906,Loss,2024-07-01 13:15:00,162.02000427246094,-0.459991455078125,MON100.NS
2024-07-02 13:00:00,162.60000610351562,Win,2024-07-10 10:15:00,168.4199981689453,5.8199920654296875,MON100.NS
2024-07-11 13:45:00,169.86000061035156,Loss,2024-07-12 11:15:00,168.07000732421875,-1.7899932861328125,MON100.NS
2024-06-18 14:15:00,43.34000015258789,Loss,2024-06-19 09:15:00,42.36000061035156,-0.9799995422363281,MTNL.NS
2024-06-19 12:15:00,42.47999954223633,Win,2024-06-19 14:15:00,42.560001373291016,0.0800018310546875,MTNL.NS
2024-06-25 09:30:00,42.970001220703125,Loss,2024-06-25 11:15:00,42.54999923706055,-0.4200019836425781,MTNL.NS
2024-06-25 15:15:00,42.61000061035156,Loss,2024-06-26 09:15:00,42.349998474121094,-0.26000213623046875,MTNL.NS
2024-06-26 14:15:00,43.45000076293945,Loss,2024-06-27 10:15:00,43.349998474121094,-0.10000228881835938,MTNL.NS
2024-06-27 11:15:00,43.029998779296875,Loss,2024-06-27 12:15:00,42.81999969482422,-0.20999908447265625,MTNL.NS
2024-07-08 10:15:00,42.95000076293945,Loss,2024-07-09 10:15:00,42.56999969482422,-0.3800010681152344,MTNL.NS
2024-07-11 11:00:00,42.54999923706055,Loss,2024-07-11 15:15:00,42.400001525878906,-0.14999771118164062,MTNL.NS
2024-07-12 10:30:00,44.220001220703125,,,,,MTNL.NS
2024-06-13 14:15:00,92.33000183105469,Loss,2024-06-14 10:15:00,92.04000091552734,-0.29000091552734375,NDLVENTURE.NS
2024-06-14 11:15:00,93.0,Win,2024-06-19 10:15:00,97.72000122070312,4.720001220703125,NDLVENTURE.NS
2024-06-20 10:15:00,98.79000091552734,Loss,2024-06-20 15:15:00,98.5199966430664,-0.2700042724609375,NDLVENTURE.NS
2024-06-21 10:45:00,98.16000366210938,Loss,2024-06-24 09:15:00,96.95999908447266,-1.2000045776367188,NDLVENTURE.NS
2024-06-25 10:30:00,98.0,Loss,2024-06-25 12:15:00,97.55000305175781,-0.4499969482421875,NDLVENTURE.NS
2024-06-25 12:30:00,97.77999877929688,Loss,2024-06-25 13:15:00,97.77999877929688,0.0,NDLVENTURE.NS
2024-06-26 11:15:00,97.9800033569336,Loss,2024-06-26 14:15:00,97.0,-0.9800033569335938,NDLVENTURE.NS
2024-06-27 15:15:00,97.87000274658203,Loss,2024-06-28 10:15:00,97.26000213623047,-0.6100006103515625,NDLVENTURE.NS
2024-06-28 14:15:00,97.61000061035156,Loss,2024-07-01 13:15:00,97.22000122070312,-0.3899993896484375,NDLVENTURE.NS
2024-07-01 14:15:00,97.8499984741211,Loss,2024-07-01 15:15:00,96.97000122070312,-0.8799972534179688,NDLVENTURE.NS
2024-07-03 12:30:00,97.12999725341797,Loss,2024-07-03 15:15:00,96.86000061035156,-0.26999664306640625,NDLVENTURE.NS
2024-07-04 14:30:00,97.55999755859375,Loss,2024-07-05 10:15:00,97.1500015258789,-0.40999603271484375,NDLVENTURE.NS
2024-07-05 15:15:00,98.06999969482422,Win,2024-07-08 09:15:00,98.98999786376953,0.9199981689453125,NDLVENTURE.NS
2024-07-09 11:15:00,97.94000244140625,Loss,2024-07-09 14:15:00,97.43000030517578,-0.5100021362304688,NDLVENTURE.NS
2024-07-11 10:45:00,98.08000183105469,Loss,2024-07-11 11:15:00,97.16000366210938,-0.9199981689453125,NDLVENTURE.NS
2024-07-11 11:45:00,97.9800033569336,Loss,2024-07-11 12:15:00,96.86000061035156,-1.1200027465820312,NDLVENTURE.NS
2024-07-12 12:00:00,97.48999786376953,Loss,2024-07-12 12:15:00,97.4000015258789,-0.089996337890625,NDLVENTURE.NS
